"Id","Path","Slice Name","Alias(s)","Label","Min","Max","Must Support?","Is Modifier?","Is Summary?","Type(s)","Short","Definition","Comments","Requirements","Default Value","Meaning When Missing","Fixed Value","Pattern","Example","Minimum Value","Maximum Value","Maximum Length","Binding Strength","Binding Description","Binding Value Set","Code","Slicing Discriminator","Slicing Description","Slicing Ordered","Slicing Rules","Base Path","Base Min","Base Max","Condition(s)","Constraint(s)","Mapping: Workflow Pattern","Mapping: RIM Mapping","Mapping: FiveWs Pattern Mapping","Mapping: Canadian Dental Association eclaims standard","Mapping: HL7 v2 Mapping","Mapping: Canadian Pharmacy Associaiton eclaims standard"
"Coverage","Coverage","","","",0,*,"","","","null {[]} {[]}
","Insurance or medical plan or a payment agreement","Financial instrument which may be used to reimburse or pay for health care products and services. Includes both insurance and self-payment.","The Coverage resource contains the insurance card level information, which is customary to provide on claims and other communications between providers and insurers.","","","","","","","","",,,,,"",,,,"Coverage",0,*,"","dom-2:If the resource is contained in another resource, it SHALL NOT contain nested Resources {contained.contained.empty()}
dom-3:If the resource is contained in another resource, it SHALL be referred to from elsewhere in the resource or SHALL refer to the containing resource {contained.where((('#'+id in (%resource.descendants().reference | %resource.descendants().as(canonical) | %resource.descendants().as(uri) | %resource.descendants().as(url))) or descendants().where(reference = '#').exists() or descendants().where(as(canonical) = '#').exists() or descendants().where(as(canonical) = '#').exists()).not()).trace('unmatched', id).empty()}dom-4:If a resource is contained in another resource, it SHALL NOT have a meta.versionId or a meta.lastUpdated {contained.meta.versionId.empty() and contained.meta.lastUpdated.empty()}dom-5:If a resource is contained in another resource, it SHALL NOT have a security label {contained.meta.security.empty()}dom-6:A resource should have narrative for robust management {text.`div`.exists()}","Event","Entity. Role, or Act","Coverage"
"Coverage.id","Coverage.id","","","",0,1,"","","Y","id {[]} {[]}
","Logical id of this artifact","The logical id of the resource, as used in the URL for the resource. Once assigned, this value never changes.","The only time that a resource does not have an id is when it is being submitted to the server using a create operation.","","","","","","","","",,,,,"",,,,"Resource.id",0,1,"",""
"Coverage.meta","Coverage.meta","","","",0,1,"","","Y","Meta {[]} {[]}
","Metadata about the resource","The metadata about the resource. This is content that is maintained by the infrastructure. Changes to the content might not always be associated with version changes to the resource.","","","","","","","","","",,,,,"",,,,"Resource.meta",0,1,"","ele-1:All FHIR elements must have a @value or children {hasValue() or (children().count() > id.count())}
"
"Coverage.implicitRules","Coverage.implicitRules","","","",0,1,"","Y","Y","uri {[]} {[]}
","A set of rules under which this content was created","A reference to a set of rules that were followed when the resource was constructed, and which must be understood when processing the content. Often, this is a reference to an implementation guide that defines the special rules along with other profiles etc.","Asserting this rule set restricts the content to be only understood by a limited set of trading partners. This inherently limits the usefulness of the data in the long term. However, the existing health eco-system is highly fractured, and not yet ready to define, collect, and exchange data in a generally computable sense. Wherever possible, implementers and/or specification writers should avoid using this element. Often, when used, the URL is a reference to an implementation guide that defines these special rules as part of it's narrative along with other profiles, value sets, etc.","","","","","","","","",,,,,"",,,,"Resource.implicitRules",0,1,"","ele-1:All FHIR elements must have a @value or children {hasValue() or (children().count() > id.count())}
"
"Coverage.language","Coverage.language","","","",0,1,"","","","code {[]} {[]}
","Language of the resource content","The base language in which the resource is written.","Language is provided to support indexing and accessibility (typically, services such as text to speech use the language tag). The html language tag in the narrative applies  to the narrative. The language tag on the resource may be used to specify the language of other presentations generated from the data in the resource. Not all the content has to be in the base language. The Resource.language should not be assumed to apply to the narrative automatically. If a language is specified, it should it also be specified on the div element in the html (see rules in HTML5 for information about the relationship between xml:lang and the html lang attribute).","","","","","","","","",,"preferred","A human language.","http://hl7.org/fhir/ValueSet/languages|4.0.1","",,,,"Resource.language",0,1,"","ele-1:All FHIR elements must have a @value or children {hasValue() or (children().count() > id.count())}
"
"Coverage.text","Coverage.text","","narrative
htmlxhtmldisplay","",0,1,"","","","Narrative {[]} {[]}
","Text summary of the resource, for human interpretation","A human-readable narrative that contains a summary of the resource and can be used to represent the content of the resource to a human. The narrative need not encode all the structured data, but is required to contain sufficient detail to make it ""clinically safe"" for a human to just read the narrative. Resource definitions may define what content should be represented in the narrative to ensure clinical safety.","Contained resources do not have narrative. Resources that are not contained SHOULD have a narrative. In some cases, a resource may only have text with little or no additional discrete data (as long as all minOccurs=1 elements are satisfied).  This may be necessary for data from legacy systems where information is captured as a ""text blob"" or where text is additionally entered raw or narrated and encoded information is added later.","","","","","","","","",,,,,"",,,,"DomainResource.text",0,1,"","ele-1:All FHIR elements must have a @value or children {hasValue() or (children().count() > id.count())}
","Act.text?"
"Coverage.contained","Coverage.contained","","inline resources
anonymous resourcescontained resources","",0,*,"","","","Resource {[]} {[]}
","Contained, inline Resources","These resources do not have an independent existence apart from the resource that contains them - they cannot be identified independently, and nor can they have their own independent transaction scope.","This should never be done when the content can be identified properly, as once identification is lost, it is extremely difficult (and context dependent) to restore it again. Contained resources may have profiles and tags In their meta elements, but SHALL NOT have security labels.","","","","","","","","",,,,,"",,,,"DomainResource.contained",0,*,"","","N/A"
"Coverage.extension","Coverage.extension","","","",0,*,"","","","Extension {[]} {[]}
","Extension","An Extension","","","","","","","","","",,,,,"","value:url}
","",,"open","DomainResource.extension",0,*,"","ele-1:All FHIR elements must have a @value or children {hasValue() or (children().count() > id.count())}
ext-1:Must have either extensions or value[x], not both {extension.exists() != value.exists()}"
"Coverage.extension:primaryCareProvider","Coverage.extension","primaryCareProvider","","",0,1,"","","","Extension {[CanonicalType[https://fhir.kemkes.go.id/r4/StructureDefinition/PrimaryCareProvider]]} {[]}
","Primary Care Provider","Berisi data pihak yang menjadi provider utama dengan tipe data Reference yang direferensikan ke data yang tersimpan di resource Organization.","","","","","","","","","",,,,,"",,,,"DomainResource.extension",0,*,"ele-1
","ele-1:All FHIR elements must have a @value or children {hasValue() or (children().count() > id.count())}
ext-1:Must have either extensions or value[x], not both {extension.exists() != value.exists()}"
"Coverage.modifierExtension","Coverage.modifierExtension","","extensions
user content","",0,*,"","Y","","Extension {[]} {[]}
","Extensions that cannot be ignored","May be used to represent additional information that is not part of the basic definition of the resource and that modifies the understanding of the element that contains it and/or the understanding of the containing element's descendants. Usually modifier elements provide negation or qualification. To make the use of extensions safe and manageable, there is a strict set of governance applied to the definition and use of extensions. Though any implementer is allowed to define an extension, there is a set of requirements that SHALL be met as part of the definition of the extension. Applications processing a resource are required to check for modifier extensions.

Modifier extensions SHALL NOT change the meaning of any elements on Resource or DomainResource (including cannot change the meaning of modifierExtension itself).","There can be no stigma associated with the use of extensions by any application, project, or standard - regardless of the institution or jurisdiction that uses or defines the extensions.  The use of extensions is what allows the FHIR specification to retain a core level of simplicity for everyone.","Modifier extensions allow for extensions that *cannot* be safely ignored to be clearly distinguished from the vast majority of extensions which can be safely ignored.  This promotes interoperability by eliminating the need for implementers to prohibit the presence of extensions. For further information, see the [definition of modifier extensions](http://hl7.org/fhir/R4/extensibility.html#modifierExtension).","","","","","","","",,,,,"",,,,"DomainResource.modifierExtension",0,*,"","ele-1:All FHIR elements must have a @value or children {hasValue() or (children().count() > id.count())}
ext-1:Must have either extensions or value[x], not both {extension.exists() != value.exists()}","N/A"
"Coverage.identifier","Coverage.identifier","","","",0,*,"","","Y","Identifier {[]} {[]}
","Business Identifier for the coverage","Berisi data ID lokal terkait program yang dijalankan dengan tipe data Identifier.","The main (and possibly only) identifier for the coverage - often referred to as a Member Id, Certificate number, Personal Health Number or Case ID. May be constructed as the concatenation of the Coverage.SubscriberID and the Coverage.dependant.","Allows coverages to be distinguished and referenced.","","","","","","","",,,,,"",,,,"Coverage.identifier",0,*,"","ele-1:All FHIR elements must have a @value or children {hasValue() or (children().count() > id.count())}
","Event.identifier",".id","FiveWs.identifier","C02","IN1-2","C.32, C.33, C.39"
"Coverage.status","Coverage.status","","","",1,1,"","Y","Y","code {[]} {[]}
","active | cancelled | draft | entered-in-error","Berisi data yang menyatakan status Coverage saat ini dengan tipe data code, yang nilainya mengacu pada data terminologi Financial Resource Status Codes.","This element is labeled as a modifier because the status contains the code entered-in-error that marks the coverage as not currently valid.","Need to track the status of the resource as 'draft' resources may undergo further edits while 'active' resources are immutable and may only have their status changed to 'cancelled'.","","","","","","","",,"required","A code specifying the state of the resource instance.","http://hl7.org/fhir/ValueSet/fm-status|4.0.1","",,,,"Coverage.status",1,1,"","ele-1:All FHIR elements must have a @value or children {hasValue() or (children().count() > id.count())}
","Event.status","Act.status","FiveWs.status"
"Coverage.type","Coverage.type","","","",0,1,"","","Y","CodeableConcept {[]} {[]}
","Coverage category such as medical or accident","Berisi data jenis pertanggungan (misalnya program sosial, rencana medis, pertanggungan kecelakaan, kesehatan kelompok, atau pembayaran oleh organisasi maupun individu) dengan tipe data CodeableConcept.","","The order of application of coverages is dependent on the types of coverage.","","","","","","","",,"preferred","The type of insurance: public health, worker compensation; private accident, auto, private health, etc.) or a direct payment by an individual or organization.","http://hl7.org/fhir/ValueSet/coverage-type|4.0.1","",,,,"Coverage.type",0,1,"","ele-1:All FHIR elements must have a @value or children {hasValue() or (children().count() > id.count())}
","FiveWs.class","IN1-15"
"Coverage.type.id","Coverage.type.id","","","",0,1,"","","","string {[]} {[]}
","Unique id for inter-element referencing","Unique id for the element within a resource (for internal references). This may be any string value that does not contain spaces.","","","","","","","","","",,,,,"",,,,"Element.id",0,1,"","","n/a"
"Coverage.type.extension","Coverage.type.extension","","extensions
user content","",0,*,"","","","Extension {[]} {[]}
","Additional content defined by implementations","May be used to represent additional information that is not part of the basic definition of the element. To make the use of extensions safe and manageable, there is a strict set of governance  applied to the definition and use of extensions. Though any implementer can define an extension, there is a set of requirements that SHALL be met as part of the definition of the extension.","There can be no stigma associated with the use of extensions by any application, project, or standard - regardless of the institution or jurisdiction that uses or defines the extensions.  The use of extensions is what allows the FHIR specification to retain a core level of simplicity for everyone.","","","","","","","","",,,,,"","value:url}
","Extensions are always sliced by (at least) url",,"open","Element.extension",0,*,"","ele-1:All FHIR elements must have a @value or children {hasValue() or (children().count() > id.count())}
ext-1:Must have either extensions or value[x], not both {extension.exists() != value.exists()}","n/a"
"Coverage.type.coding","Coverage.type.coding","","","",0,*,"","","Y","Coding {[]} {[]}
","Code defined by a terminology system","Berisi data jenis pertanggungan (misalnya program sosial, rencana medis, pertanggungan kecelakaan, kesehatan kelompok, atau pembayaran oleh organisasi maupun individu) dengan tipe data Coding. Nilainya mengacu pada data terminologi Coverage Type and Self-Pay Codes.","Codes may be defined very casually in enumerations, or code lists, up to very formal definitions such as SNOMED CT - see the HL7 v3 Core Principles for more information.  Ordering of codings is undefined and SHALL NOT be used to infer meaning. Generally, at most only one of the coding values will be labeled as UserSelected = true.","Allows for alternative encodings within a code system, and translations to other code systems.","","","","","","","",,,,,"",,,,"CodeableConcept.coding",0,*,"","ele-1:All FHIR elements must have a @value or children {hasValue() or (children().count() > id.count())}
","union(., ./translation)","C*E.1-8, C*E.10-22"
"Coverage.type.text","Coverage.type.text","","","",0,1,"","","Y","string {[]} {[]}
","Plain text representation of the concept","A human language representation of the concept as seen/selected/uttered by the user who entered the data and/or which represents the intended meaning of the user.","Very often the text is the same as a displayName of one of the codings.","The codes from the terminologies do not always capture the correct meaning with all the nuances of the human using them, or sometimes there is no appropriate code at all. In these cases, the text is used to capture the full meaning of the source.","","","","","","","",,,,,"",,,,"CodeableConcept.text",0,1,"","ele-1:All FHIR elements must have a @value or children {hasValue() or (children().count() > id.count())}
","./originalText[mediaType/code=""text/plain""]/data","C*E.9. But note many systems use C*E.2 for this"
"Coverage.policyHolder","Coverage.policyHolder","","","",0,1,"","","Y","Reference {[]} {[CanonicalType[http://hl7.org/fhir/StructureDefinition/Patient|4.0.1], CanonicalType[http://hl7.org/fhir/StructureDefinition/RelatedPerson|4.0.1], CanonicalType[http://hl7.org/fhir/StructureDefinition/Organization|4.0.1]]}
","Owner of the policy","Berisi data pihak yang memiliki polis asuransi dengan ID lokal terkait program yang dijalankan dengan tipe data Reference yang direferensikan ke data yang tersimpan di resource Patient | RelatedPerson | Organization.","For example: may be an individual, corporation or the subscriber's employer.","This provides employer information in the case of Worker's Compensation and other policies.","","","","","","","",,,,,"",,,,"Coverage.policyHolder",0,1,"","ele-1:All FHIR elements must have a @value or children {hasValue() or (children().count() > id.count())}
","FiveWs.subject[x]","FiveWs.subject","D01 through D09","IN1-16, 18,  19-name of insured, address, date of birth","C.35"
"Coverage.subscriber","Coverage.subscriber","","","",0,1,"","","Y","Reference {[]} {[CanonicalType[http://hl7.org/fhir/StructureDefinition/Patient|4.0.1], CanonicalType[http://hl7.org/fhir/StructureDefinition/RelatedPerson|4.0.1]]}
","Subscriber to the policy","Berisi data pihak yang mendaftar atau kepada siapa manfaat polis diberikan dengan tipe data Reference yang direferensikan ke data yang tersimpan di resource Patient | RelatedPerson.","May be self or a parent in the case of dependants.","This is the party who is entitled to the benfits under the policy.","","","","","","","",,,,,"",,,,"Coverage.subscriber",0,1,"","ele-1:All FHIR elements must have a @value or children {hasValue() or (children().count() > id.count())}
","FiveWs.subject[x]","FiveWs.subject","D01 through D09","IN1-16, 18,  19-name of insured, address, date of birth","C.35"
"Coverage.subscriberId","Coverage.subscriberId","","","",0,1,"","","Y","string {[]} {[]}
","ID assigned to the subscriber","Berisi data ID dari penanggung terkait program yang dijalankan dengan tipe data string.","","The insurer requires this identifier on correspondance and claims (digital and otherwise).","","","","","","","",,,,,"",,,,"Coverage.subscriberId",0,1,"","ele-1:All FHIR elements must have a @value or children {hasValue() or (children().count() > id.count())}
","FiveWs.subject[x]","FiveWs.subject","D01 through D09","IN1-16, 18,  19-name of insured, address, date of birth","C.35"
"Coverage.beneficiary","Coverage.beneficiary","","","",1,1,"","","Y","Reference {[]} {[CanonicalType[http://hl7.org/fhir/StructureDefinition/Patient|4.0.1]]}
","Plan beneficiary","Berisi data pihak yang mendapat manfaat dari pertanggungan asuransi dengan tipe data Reference yang direferensikan ke data yang tersimpan di resource Patient.","","This is the party who receives treatment for which the costs are reimbursed under the coverage.","","","","","","","",,,,,"",,,,"Coverage.beneficiary",1,1,"","ele-1:All FHIR elements must have a @value or children {hasValue() or (children().count() > id.count())}
","Event.subject","FiveWs.subject[x]","FiveWs.subject","D01 through D09","IN1-16, 18,  19-name of insured, address, date of birth","C.35"
"Coverage.dependent","Coverage.dependent","","","",0,1,"","","Y","string {[]} {[]}
","Dependent number","Berisi data ID lokal untuk yang tertanggung terkait program yang dijalankan dengan tipe data string.","Periodically the member number is constructed from the subscriberId and the dependant number.","For some coverages a single identifier is issued to the Subscriber and then a unique dependent number is issued to each beneficiary.","","","","","","","",,,,,"",,,,"Coverage.dependent",0,1,"","ele-1:All FHIR elements must have a @value or children {hasValue() or (children().count() > id.count())}
","C17","- No exact HL7 v2 equivalent concept seems to exist;"
"Coverage.relationship","Coverage.relationship","","","",0,1,"","","","CodeableConcept {[]} {[]}
","Beneficiary relationship to the subscriber","Berisi data hubungan antara beneficiary dan subscriber dengan tipe data CodeableConcept.","Typically, an individual uses policies which are theirs (relationship='self') before policies owned by others.","To determine relationship between the patient and the subscriber to determine coordination of benefits.","","","","","","","",,"extensible","The relationship between the Subscriber and the Beneficiary (insured/covered party/patient).","http://hl7.org/fhir/ValueSet/subscriber-relationship|4.0.1","",,,,"Coverage.relationship",0,1,"","ele-1:All FHIR elements must have a @value or children {hasValue() or (children().count() > id.count())}
","C03"
"Coverage.relationship.id","Coverage.relationship.id","","","",0,1,"","","","string {[]} {[]}
","Unique id for inter-element referencing","Unique id for the element within a resource (for internal references). This may be any string value that does not contain spaces.","","","","","","","","","",,,,,"",,,,"Element.id",0,1,"","","n/a"
"Coverage.relationship.extension","Coverage.relationship.extension","","extensions
user content","",0,*,"","","","Extension {[]} {[]}
","Additional content defined by implementations","May be used to represent additional information that is not part of the basic definition of the element. To make the use of extensions safe and manageable, there is a strict set of governance  applied to the definition and use of extensions. Though any implementer can define an extension, there is a set of requirements that SHALL be met as part of the definition of the extension.","There can be no stigma associated with the use of extensions by any application, project, or standard - regardless of the institution or jurisdiction that uses or defines the extensions.  The use of extensions is what allows the FHIR specification to retain a core level of simplicity for everyone.","","","","","","","","",,,,,"","value:url}
","Extensions are always sliced by (at least) url",,"open","Element.extension",0,*,"","ele-1:All FHIR elements must have a @value or children {hasValue() or (children().count() > id.count())}
ext-1:Must have either extensions or value[x], not both {extension.exists() != value.exists()}","n/a"
"Coverage.relationship.coding","Coverage.relationship.coding","","","",0,*,"","","Y","Coding {[]} {[]}
","Code defined by a terminology system","Berisi data hubungan antara beneficiary dan subscriber dengan tipe data Coding. Nilainya mengacu pada data terminologi SubscriberPolicyholder Relationship Codes.","Codes may be defined very casually in enumerations, or code lists, up to very formal definitions such as SNOMED CT - see the HL7 v3 Core Principles for more information.  Ordering of codings is undefined and SHALL NOT be used to infer meaning. Generally, at most only one of the coding values will be labeled as UserSelected = true.","Allows for alternative encodings within a code system, and translations to other code systems.","","","","","","","",,,,,"",,,,"CodeableConcept.coding",0,*,"","ele-1:All FHIR elements must have a @value or children {hasValue() or (children().count() > id.count())}
","union(., ./translation)","C*E.1-8, C*E.10-22"
"Coverage.relationship.text","Coverage.relationship.text","","","",0,1,"","","Y","string {[]} {[]}
","Plain text representation of the concept","A human language representation of the concept as seen/selected/uttered by the user who entered the data and/or which represents the intended meaning of the user.","Very often the text is the same as a displayName of one of the codings.","The codes from the terminologies do not always capture the correct meaning with all the nuances of the human using them, or sometimes there is no appropriate code at all. In these cases, the text is used to capture the full meaning of the source.","","","","","","","",,,,,"",,,,"CodeableConcept.text",0,1,"","ele-1:All FHIR elements must have a @value or children {hasValue() or (children().count() > id.count())}
","./originalText[mediaType/code=""text/plain""]/data","C*E.9. But note many systems use C*E.2 for this"
"Coverage.period","Coverage.period","","","",0,1,"","","Y","Period {[]} {[]}
","Coverage start and end dates","Berisi data jangka waktu selama pertanggungan berlaku dengan tipe data Period.","","Some insurers require the submission of the coverage term.","","","","","","","",,,,,"",,,,"Coverage.period",0,1,"","ele-1:All FHIR elements must have a @value or children {hasValue() or (children().count() > id.count())}
","Event.occurrence[x]","Act.effectiveTime","FiveWs.done[x]","IN1-12 / IN1-13"
"Coverage.payor","Coverage.payor","","","",1,*,"","","Y","Reference {[]} {[CanonicalType[http://hl7.org/fhir/StructureDefinition/Organization|4.0.1], CanonicalType[http://hl7.org/fhir/StructureDefinition/Patient|4.0.1], CanonicalType[http://hl7.org/fhir/StructureDefinition/RelatedPerson|4.0.1]]}
","Issuer of the policy","Berisi data penjamin program atau program atau pembayar dengan tipe data Reference yang direferensikan ke data yang tersimpan di resource Patient | RelatedPerson | Organization.","May provide multiple identifiers such as insurance company identifier or business identifier (BIN number).
For selfpay it may provide multiple paying persons and/or organizations.","Need to identify the issuer to target for claim processing and for coordination of benefit processing.","","","","","","","",,,,,"",,,,"Coverage.payor",1,*,"","ele-1:All FHIR elements must have a @value or children {hasValue() or (children().count() > id.count())}
","FiveWs.author","A05","IN1-3","C.30"
"Coverage.class","Coverage.class","","","",0,*,"","","","BackboneElement {[]} {[]}
","Additional coverage classifications","Berisi data klasifikasi dari penanggung dengan tipe data BackboneElement.","For example may be used to identify a class of coverage or employer group, Policy, Plan.","The codes provided on the health card which identify or confirm the specific policy for the insurer.","","","","","","","",,,,,"",,,,"Coverage.class",0,*,"","ele-1:All FHIR elements must have a @value or children {hasValue() or (children().count() > id.count())}
"
"Coverage.class.id","Coverage.class.id","","","",0,1,"","","","string {[]} {[]}
","Unique id for inter-element referencing","Unique id for the element within a resource (for internal references). This may be any string value that does not contain spaces.","","","","","","","","","",,,,,"",,,,"Element.id",0,1,"","","n/a"
"Coverage.class.extension","Coverage.class.extension","","extensions
user content","",0,*,"","","","Extension {[]} {[]}
","Additional content defined by implementations","May be used to represent additional information that is not part of the basic definition of the element. To make the use of extensions safe and manageable, there is a strict set of governance  applied to the definition and use of extensions. Though any implementer can define an extension, there is a set of requirements that SHALL be met as part of the definition of the extension.","There can be no stigma associated with the use of extensions by any application, project, or standard - regardless of the institution or jurisdiction that uses or defines the extensions.  The use of extensions is what allows the FHIR specification to retain a core level of simplicity for everyone.","","","","","","","","",,,,,"",,,,"Element.extension",0,*,"","ele-1:All FHIR elements must have a @value or children {hasValue() or (children().count() > id.count())}
ext-1:Must have either extensions or value[x], not both {extension.exists() != value.exists()}","n/a"
"Coverage.class.modifierExtension","Coverage.class.modifierExtension","","extensions
user contentmodifiers","",0,*,"","Y","Y","Extension {[]} {[]}
","Extensions that cannot be ignored even if unrecognized","May be used to represent additional information that is not part of the basic definition of the element and that modifies the understanding of the element in which it is contained and/or the understanding of the containing element's descendants. Usually modifier elements provide negation or qualification. To make the use of extensions safe and manageable, there is a strict set of governance applied to the definition and use of extensions. Though any implementer can define an extension, there is a set of requirements that SHALL be met as part of the definition of the extension. Applications processing a resource are required to check for modifier extensions.

Modifier extensions SHALL NOT change the meaning of any elements on Resource or DomainResource (including cannot change the meaning of modifierExtension itself).","There can be no stigma associated with the use of extensions by any application, project, or standard - regardless of the institution or jurisdiction that uses or defines the extensions.  The use of extensions is what allows the FHIR specification to retain a core level of simplicity for everyone.","Modifier extensions allow for extensions that *cannot* be safely ignored to be clearly distinguished from the vast majority of extensions which can be safely ignored.  This promotes interoperability by eliminating the need for implementers to prohibit the presence of extensions. For further information, see the [definition of modifier extensions](http://hl7.org/fhir/R4/extensibility.html#modifierExtension).","","","","","","","",,,,,"",,,,"BackboneElement.modifierExtension",0,*,"","ele-1:All FHIR elements must have a @value or children {hasValue() or (children().count() > id.count())}
ext-1:Must have either extensions or value[x], not both {extension.exists() != value.exists()}","N/A"
"Coverage.class.type","Coverage.class.type","","","",1,1,"","","Y","CodeableConcept {[]} {[]}
","Type of class such as 'group' or 'plan'","Berisi data jenis klasifikasi yang diberikan label atau nomor kelas khusus asuransi (misalnya digunakan untuk mengidentfikasi kelas pertanggungan, kelompok pekerja, polis, atau program) dengan tipe data CodeableConcept.","","The insurer issued label for a specific health card value.","","","","","","","",,"extensible","The policy classifications, eg. Group, Plan, Class, etc.","http://hl7.org/fhir/ValueSet/coverage-class|4.0.1","",,,,"Coverage.class.type",1,1,"","ele-1:All FHIR elements must have a @value or children {hasValue() or (children().count() > id.count())}
"
"Coverage.class.type.id","Coverage.class.type.id","","","",0,1,"","","","string {[]} {[]}
","Unique id for inter-element referencing","Unique id for the element within a resource (for internal references). This may be any string value that does not contain spaces.","","","","","","","","","",,,,,"",,,,"Element.id",0,1,"","","n/a"
"Coverage.class.type.extension","Coverage.class.type.extension","","extensions
user content","",0,*,"","","","Extension {[]} {[]}
","Additional content defined by implementations","May be used to represent additional information that is not part of the basic definition of the element. To make the use of extensions safe and manageable, there is a strict set of governance  applied to the definition and use of extensions. Though any implementer can define an extension, there is a set of requirements that SHALL be met as part of the definition of the extension.","There can be no stigma associated with the use of extensions by any application, project, or standard - regardless of the institution or jurisdiction that uses or defines the extensions.  The use of extensions is what allows the FHIR specification to retain a core level of simplicity for everyone.","","","","","","","","",,,,,"","value:url}
","Extensions are always sliced by (at least) url",,"open","Element.extension",0,*,"","ele-1:All FHIR elements must have a @value or children {hasValue() or (children().count() > id.count())}
ext-1:Must have either extensions or value[x], not both {extension.exists() != value.exists()}","n/a"
"Coverage.class.type.coding","Coverage.class.type.coding","","","",0,*,"","","Y","Coding {[]} {[]}
","Code defined by a terminology system","Berisi data jenis klasifikasi yang diberikan label atau nomor kelas khusus asuransi (misalnya digunakan untuk mengidentfikasi kelas pertanggungan, kelompok pekerja, polis, atau program) dengan tipe data Coding. Nilainya mengacu pada data terminologi Coverage Class Codes.","Codes may be defined very casually in enumerations, or code lists, up to very formal definitions such as SNOMED CT - see the HL7 v3 Core Principles for more information.  Ordering of codings is undefined and SHALL NOT be used to infer meaning. Generally, at most only one of the coding values will be labeled as UserSelected = true.","Allows for alternative encodings within a code system, and translations to other code systems.","","","","","","","",,,,,"",,,,"CodeableConcept.coding",0,*,"","ele-1:All FHIR elements must have a @value or children {hasValue() or (children().count() > id.count())}
","union(., ./translation)","C*E.1-8, C*E.10-22"
"Coverage.class.type.text","Coverage.class.type.text","","","",0,1,"","","Y","string {[]} {[]}
","Plain text representation of the concept","A human language representation of the concept as seen/selected/uttered by the user who entered the data and/or which represents the intended meaning of the user.","Very often the text is the same as a displayName of one of the codings.","The codes from the terminologies do not always capture the correct meaning with all the nuances of the human using them, or sometimes there is no appropriate code at all. In these cases, the text is used to capture the full meaning of the source.","","","","","","","",,,,,"",,,,"CodeableConcept.text",0,1,"","ele-1:All FHIR elements must have a @value or children {hasValue() or (children().count() > id.count())}
","./originalText[mediaType/code=""text/plain""]/data","C*E.9. But note many systems use C*E.2 for this"
"Coverage.class.value","Coverage.class.value","","","",1,1,"","","Y","string {[]} {[]}
","Value associated with the type","Berisi data nilai string alfanumerik yang terkait dengan label yang dikeluarkan perusahaan asuransi dengan tipe data string.","For example, the Group or Plan number.","The insurer issued label and value are necessary to identify the specific policy.","","","","","","","",,,,,"",,,,"Coverage.class.value",1,1,"","ele-1:All FHIR elements must have a @value or children {hasValue() or (children().count() > id.count())}
","C11 (Division,Section)","IN1-8","C.31"
"Coverage.class.name","Coverage.class.name","","","",0,1,"","","Y","string {[]} {[]}
","Human readable description of the type and value","Berisi data deskripsi singkat untuk class dengan tipe data string.","","Used to provide a meaningful description in correspondence to the patient.","","","","","","","",,,,,"",,,,"Coverage.class.name",0,1,"","ele-1:All FHIR elements must have a @value or children {hasValue() or (children().count() > id.count())}
","C11 (Division,Section)","IN1-8","C.31"
"Coverage.order","Coverage.order","","","",0,1,"","","Y","positiveInt {[]} {[]}
","Relative order of the coverage","Berisi data urutan penerapan pertanggungan terkait program yang dijalankan terhadap pertanggungan lain yang saat ini berlaku dengan tipe data positiveInt.","","Used in managing the coordination of benefits.","","","","","","","",,,,,"",,,,"Coverage.order",0,1,"","ele-1:All FHIR elements must have a @value or children {hasValue() or (children().count() > id.count())}
","- No exact HL7 v2 equivalent concept seems to exist;"
"Coverage.network","Coverage.network","","","",0,1,"","","Y","string {[]} {[]}
","Insurer network","Berisi data ID khusus penanggung untuk jaringan penyedia yang ditetapkan perusahaan asuransi di mana pemegang polis dapat mencari perawatan yang akan dicakup dengan tarif 'dalam jaringan', jika tidak, syarat dan ketentuan 'di luar jaringan' berlaku dengan tipe data string.","","Used in referral for treatment and in claims processing.","","","","","","","",,,,,"",,,,"Coverage.network",0,1,"","ele-1:All FHIR elements must have a @value or children {hasValue() or (children().count() > id.count())}
","D10"
"Coverage.costToBeneficiary","Coverage.costToBeneficiary","","CoPay
DeductibleExceptions","",0,*,"","","","BackboneElement {[]} {[]}
","Patient payments for services/products","Berisi data kode yang menunjukan kategori biaya dan jumlah terkait yang telah dirinci dalam polis dan mungkin telah dimasukkan dalam kartu kesehatan dengan tipe data BackboneElement. Nilainya dapat berupa CoPay; Deductible; Exceptions.","For example by knowing the patient visit co-pay, the provider can collect the amount prior to undertaking treatment.","Required by providers to manage financial transaction with the patient.","","","","","","","",,,,,"",,,,"Coverage.costToBeneficiary",0,*,"","ele-1:All FHIR elements must have a @value or children {hasValue() or (children().count() > id.count())}
"
"Coverage.costToBeneficiary.id","Coverage.costToBeneficiary.id","","","",0,1,"","","","string {[]} {[]}
","Unique id for inter-element referencing","Unique id for the element within a resource (for internal references). This may be any string value that does not contain spaces.","","","","","","","","","",,,,,"",,,,"Element.id",0,1,"","","n/a"
"Coverage.costToBeneficiary.extension","Coverage.costToBeneficiary.extension","","extensions
user content","",0,*,"","","","Extension {[]} {[]}
","Additional content defined by implementations","May be used to represent additional information that is not part of the basic definition of the element. To make the use of extensions safe and manageable, there is a strict set of governance  applied to the definition and use of extensions. Though any implementer can define an extension, there is a set of requirements that SHALL be met as part of the definition of the extension.","There can be no stigma associated with the use of extensions by any application, project, or standard - regardless of the institution or jurisdiction that uses or defines the extensions.  The use of extensions is what allows the FHIR specification to retain a core level of simplicity for everyone.","","","","","","","","",,,,,"",,,,"Element.extension",0,*,"","ele-1:All FHIR elements must have a @value or children {hasValue() or (children().count() > id.count())}
ext-1:Must have either extensions or value[x], not both {extension.exists() != value.exists()}","n/a"
"Coverage.costToBeneficiary.modifierExtension","Coverage.costToBeneficiary.modifierExtension","","extensions
user contentmodifiers","",0,*,"","Y","Y","Extension {[]} {[]}
","Extensions that cannot be ignored even if unrecognized","May be used to represent additional information that is not part of the basic definition of the element and that modifies the understanding of the element in which it is contained and/or the understanding of the containing element's descendants. Usually modifier elements provide negation or qualification. To make the use of extensions safe and manageable, there is a strict set of governance applied to the definition and use of extensions. Though any implementer can define an extension, there is a set of requirements that SHALL be met as part of the definition of the extension. Applications processing a resource are required to check for modifier extensions.

Modifier extensions SHALL NOT change the meaning of any elements on Resource or DomainResource (including cannot change the meaning of modifierExtension itself).","There can be no stigma associated with the use of extensions by any application, project, or standard - regardless of the institution or jurisdiction that uses or defines the extensions.  The use of extensions is what allows the FHIR specification to retain a core level of simplicity for everyone.","Modifier extensions allow for extensions that *cannot* be safely ignored to be clearly distinguished from the vast majority of extensions which can be safely ignored.  This promotes interoperability by eliminating the need for implementers to prohibit the presence of extensions. For further information, see the [definition of modifier extensions](http://hl7.org/fhir/R4/extensibility.html#modifierExtension).","","","","","","","",,,,,"",,,,"BackboneElement.modifierExtension",0,*,"","ele-1:All FHIR elements must have a @value or children {hasValue() or (children().count() > id.count())}
ext-1:Must have either extensions or value[x], not both {extension.exists() != value.exists()}","N/A"
"Coverage.costToBeneficiary.type","Coverage.costToBeneficiary.type","","","",0,1,"","","Y","CodeableConcept {[]} {[]}
","Cost category","Berisi data kategori biaya sentris pasien yang terkait dengan pengobatan dengan tipe data CodeableConcept.","For example visit, specialist visits, emergency, inpatient care, etc.","Needed to identify the category associated with the amount for the patient.","","","","","","","",,"extensible","The types of services to which patient copayments are specified.","http://hl7.org/fhir/ValueSet/coverage-copay-type|4.0.1","",,,,"Coverage.costToBeneficiary.type",0,1,"","ele-1:All FHIR elements must have a @value or children {hasValue() or (children().count() > id.count())}
"
"Coverage.costToBeneficiary.type.id","Coverage.costToBeneficiary.type.id","","","",0,1,"","","","string {[]} {[]}
","Unique id for inter-element referencing","Unique id for the element within a resource (for internal references). This may be any string value that does not contain spaces.","","","","","","","","","",,,,,"",,,,"Element.id",0,1,"","","n/a"
"Coverage.costToBeneficiary.type.extension","Coverage.costToBeneficiary.type.extension","","extensions
user content","",0,*,"","","","Extension {[]} {[]}
","Additional content defined by implementations","May be used to represent additional information that is not part of the basic definition of the element. To make the use of extensions safe and manageable, there is a strict set of governance  applied to the definition and use of extensions. Though any implementer can define an extension, there is a set of requirements that SHALL be met as part of the definition of the extension.","There can be no stigma associated with the use of extensions by any application, project, or standard - regardless of the institution or jurisdiction that uses or defines the extensions.  The use of extensions is what allows the FHIR specification to retain a core level of simplicity for everyone.","","","","","","","","",,,,,"","value:url}
","Extensions are always sliced by (at least) url",,"open","Element.extension",0,*,"","ele-1:All FHIR elements must have a @value or children {hasValue() or (children().count() > id.count())}
ext-1:Must have either extensions or value[x], not both {extension.exists() != value.exists()}","n/a"
"Coverage.costToBeneficiary.type.coding","Coverage.costToBeneficiary.type.coding","","","",0,*,"","","Y","Coding {[]} {[]}
","Code defined by a terminology system","Berisi data kategori biaya sentris pasien yang terkait dengan pengobatan dengan tipe data Coding. Nilainya mengacu pada data terminologi Coverage Copay Type Codes.","Codes may be defined very casually in enumerations, or code lists, up to very formal definitions such as SNOMED CT - see the HL7 v3 Core Principles for more information.  Ordering of codings is undefined and SHALL NOT be used to infer meaning. Generally, at most only one of the coding values will be labeled as UserSelected = true.","Allows for alternative encodings within a code system, and translations to other code systems.","","","","","","","",,,,,"",,,,"CodeableConcept.coding",0,*,"","ele-1:All FHIR elements must have a @value or children {hasValue() or (children().count() > id.count())}
","union(., ./translation)","C*E.1-8, C*E.10-22"
"Coverage.costToBeneficiary.type.text","Coverage.costToBeneficiary.type.text","","","",0,1,"","","Y","string {[]} {[]}
","Plain text representation of the concept","A human language representation of the concept as seen/selected/uttered by the user who entered the data and/or which represents the intended meaning of the user.","Very often the text is the same as a displayName of one of the codings.","The codes from the terminologies do not always capture the correct meaning with all the nuances of the human using them, or sometimes there is no appropriate code at all. In these cases, the text is used to capture the full meaning of the source.","","","","","","","",,,,,"",,,,"CodeableConcept.text",0,1,"","ele-1:All FHIR elements must have a @value or children {hasValue() or (children().count() > id.count())}
","./originalText[mediaType/code=""text/plain""]/data","C*E.9. But note many systems use C*E.2 for this"
"Coverage.costToBeneficiary.value[x]","Coverage.costToBeneficiary.value[x]","","","",1,1,"","","Y","Quantity {[CanonicalType[http://hl7.org/fhir/StructureDefinition/SimpleQuantity|4.0.1]]} {[]}
Money {[]} {[]}","The amount or percentage due from the beneficiary","Berisi data Jumlah yang harus dibayar dari pasien untuk kategori biaya.","Amount may be expressed as a percentage of the service/product cost or a fixed amount of currency.","Needed to identify the amount for the patient associated with the category.","","","","","","","",,,,,"","type:$this}
","",,"closed","Coverage.costToBeneficiary.value[x]",1,1,"","ele-1:All FHIR elements must have a @value or children {hasValue() or (children().count() > id.count())}
","C11 (Division,Section)","IN1-8","C.31"
"Coverage.costToBeneficiary.value[x]:valueQuantity","Coverage.costToBeneficiary.value[x]","valueQuantity","","",0,1,"","","Y","Quantity {[CanonicalType[http://hl7.org/fhir/StructureDefinition/SimpleQuantity]]} {[]}
","The amount or percentage due from the beneficiary","Berisi data Jumlah yang harus dibayar dari pasien untuk kategori biaya dengan tipe data SimpleQuantity.","Amount may be expressed as a percentage of the service/product cost or a fixed amount of currency.","Needed to identify the amount for the patient associated with the category.","","","","","","","",,,,,"",,,,"Coverage.costToBeneficiary.value[x]",1,1,"","ele-1:All FHIR elements must have a @value or children {hasValue() or (children().count() > id.count())}
","C11 (Division,Section)","IN1-8","C.31"
"Coverage.costToBeneficiary.value[x]:valueMoney","Coverage.costToBeneficiary.value[x]","valueMoney","","",0,1,"","","Y","Money {[]} {[]}
","The amount or percentage due from the beneficiary","Berisi data Jumlah yang harus dibayar dari pasien untuk kategori biaya dengan tipe data Money.","Amount may be expressed as a percentage of the service/product cost or a fixed amount of currency.","Needed to identify the amount for the patient associated with the category.","","","","","","","",,,,,"",,,,"Coverage.costToBeneficiary.value[x]",1,1,"","ele-1:All FHIR elements must have a @value or children {hasValue() or (children().count() > id.count())}
","C11 (Division,Section)","IN1-8","C.31"
"Coverage.costToBeneficiary.exception","Coverage.costToBeneficiary.exception","","","",0,*,"","","","BackboneElement {[]} {[]}
","Exceptions for patient payments","Berisi data kode yang menunjukkan pengecualian atau pengurangan biaya pasien dan periode efektifnya dengan tipe data BackboneElement.","","Required by providers to manage financial transaction with the patient.","","","","","","","",,,,,"",,,,"Coverage.costToBeneficiary.exception",0,*,"","ele-1:All FHIR elements must have a @value or children {hasValue() or (children().count() > id.count())}
"
"Coverage.costToBeneficiary.exception.id","Coverage.costToBeneficiary.exception.id","","","",0,1,"","","","string {[]} {[]}
","Unique id for inter-element referencing","Unique id for the element within a resource (for internal references). This may be any string value that does not contain spaces.","","","","","","","","","",,,,,"",,,,"Element.id",0,1,"","","n/a"
"Coverage.costToBeneficiary.exception.extension","Coverage.costToBeneficiary.exception.extension","","extensions
user content","",0,*,"","","","Extension {[]} {[]}
","Additional content defined by implementations","May be used to represent additional information that is not part of the basic definition of the element. To make the use of extensions safe and manageable, there is a strict set of governance  applied to the definition and use of extensions. Though any implementer can define an extension, there is a set of requirements that SHALL be met as part of the definition of the extension.","There can be no stigma associated with the use of extensions by any application, project, or standard - regardless of the institution or jurisdiction that uses or defines the extensions.  The use of extensions is what allows the FHIR specification to retain a core level of simplicity for everyone.","","","","","","","","",,,,,"",,,,"Element.extension",0,*,"","ele-1:All FHIR elements must have a @value or children {hasValue() or (children().count() > id.count())}
ext-1:Must have either extensions or value[x], not both {extension.exists() != value.exists()}","n/a"
"Coverage.costToBeneficiary.exception.modifierExtension","Coverage.costToBeneficiary.exception.modifierExtension","","extensions
user contentmodifiers","",0,*,"","Y","Y","Extension {[]} {[]}
","Extensions that cannot be ignored even if unrecognized","May be used to represent additional information that is not part of the basic definition of the element and that modifies the understanding of the element in which it is contained and/or the understanding of the containing element's descendants. Usually modifier elements provide negation or qualification. To make the use of extensions safe and manageable, there is a strict set of governance applied to the definition and use of extensions. Though any implementer can define an extension, there is a set of requirements that SHALL be met as part of the definition of the extension. Applications processing a resource are required to check for modifier extensions.

Modifier extensions SHALL NOT change the meaning of any elements on Resource or DomainResource (including cannot change the meaning of modifierExtension itself).","There can be no stigma associated with the use of extensions by any application, project, or standard - regardless of the institution or jurisdiction that uses or defines the extensions.  The use of extensions is what allows the FHIR specification to retain a core level of simplicity for everyone.","Modifier extensions allow for extensions that *cannot* be safely ignored to be clearly distinguished from the vast majority of extensions which can be safely ignored.  This promotes interoperability by eliminating the need for implementers to prohibit the presence of extensions. For further information, see the [definition of modifier extensions](http://hl7.org/fhir/R4/extensibility.html#modifierExtension).","","","","","","","",,,,,"",,,,"BackboneElement.modifierExtension",0,*,"","ele-1:All FHIR elements must have a @value or children {hasValue() or (children().count() > id.count())}
ext-1:Must have either extensions or value[x], not both {extension.exists() != value.exists()}","N/A"
"Coverage.costToBeneficiary.exception.type","Coverage.costToBeneficiary.exception.type","","","",1,1,"","","Y","CodeableConcept {[]} {[]}
","Exception category","Berisi data kode untuk pengecualian khusus. dengan tipe data CodeableConcept.","","Needed to identify the exception associated with the amount for the patient.","","","","","","","",,"example","The types of exceptions from the part or full value of financial obligations such as copays.","http://hl7.org/fhir/ValueSet/coverage-financial-exception|4.0.1","",,,,"Coverage.costToBeneficiary.exception.type",1,1,"","ele-1:All FHIR elements must have a @value or children {hasValue() or (children().count() > id.count())}
"
"Coverage.costToBeneficiary.exception.type.id","Coverage.costToBeneficiary.exception.type.id","","","",0,1,"","","","string {[]} {[]}
","Unique id for inter-element referencing","Unique id for the element within a resource (for internal references). This may be any string value that does not contain spaces.","","","","","","","","","",,,,,"",,,,"Element.id",0,1,"","","n/a"
"Coverage.costToBeneficiary.exception.type.extension","Coverage.costToBeneficiary.exception.type.extension","","extensions
user content","",0,*,"","","","Extension {[]} {[]}
","Additional content defined by implementations","May be used to represent additional information that is not part of the basic definition of the element. To make the use of extensions safe and manageable, there is a strict set of governance  applied to the definition and use of extensions. Though any implementer can define an extension, there is a set of requirements that SHALL be met as part of the definition of the extension.","There can be no stigma associated with the use of extensions by any application, project, or standard - regardless of the institution or jurisdiction that uses or defines the extensions.  The use of extensions is what allows the FHIR specification to retain a core level of simplicity for everyone.","","","","","","","","",,,,,"","value:url}
","Extensions are always sliced by (at least) url",,"open","Element.extension",0,*,"","ele-1:All FHIR elements must have a @value or children {hasValue() or (children().count() > id.count())}
ext-1:Must have either extensions or value[x], not both {extension.exists() != value.exists()}","n/a"
"Coverage.costToBeneficiary.exception.type.coding","Coverage.costToBeneficiary.exception.type.coding","","","",0,*,"","","Y","Coding {[]} {[]}
","Code defined by a terminology system","Berisi data kode untuk pengecualian khusus. dengan tipe data Coding. Nilainya mengacu pada data terminologi Example Coverage Financial Exception Codes.","Codes may be defined very casually in enumerations, or code lists, up to very formal definitions such as SNOMED CT - see the HL7 v3 Core Principles for more information.  Ordering of codings is undefined and SHALL NOT be used to infer meaning. Generally, at most only one of the coding values will be labeled as UserSelected = true.","Allows for alternative encodings within a code system, and translations to other code systems.","","","","","","","",,,,,"",,,,"CodeableConcept.coding",0,*,"","ele-1:All FHIR elements must have a @value or children {hasValue() or (children().count() > id.count())}
","union(., ./translation)","C*E.1-8, C*E.10-22"
"Coverage.costToBeneficiary.exception.type.text","Coverage.costToBeneficiary.exception.type.text","","","",0,1,"","","Y","string {[]} {[]}
","Plain text representation of the concept","A human language representation of the concept as seen/selected/uttered by the user who entered the data and/or which represents the intended meaning of the user.","Very often the text is the same as a displayName of one of the codings.","The codes from the terminologies do not always capture the correct meaning with all the nuances of the human using them, or sometimes there is no appropriate code at all. In these cases, the text is used to capture the full meaning of the source.","","","","","","","",,,,,"",,,,"CodeableConcept.text",0,1,"","ele-1:All FHIR elements must have a @value or children {hasValue() or (children().count() > id.count())}
","./originalText[mediaType/code=""text/plain""]/data","C*E.9. But note many systems use C*E.2 for this"
"Coverage.costToBeneficiary.exception.period","Coverage.costToBeneficiary.exception.period","","","",0,1,"","","Y","Period {[]} {[]}
","The effective period of the exception","Berisi data jangka waktu selama pengecualian berlaku dengan tipe data Period.","","Needed to identify the applicable timeframe for the exception for the correct calculation of patient costs.","","","","","","","",,,,,"",,,,"Coverage.costToBeneficiary.exception.period",0,1,"","ele-1:All FHIR elements must have a @value or children {hasValue() or (children().count() > id.count())}
"
"Coverage.subrogation","Coverage.subrogation","","","",0,1,"","","","boolean {[]} {[]}
","Reimbursement to insurer","Berisi data informasi apakah subrogasi Ya/Tidak (true/false) dengan tipe data boolean.","Typically, automotive and worker's compensation policies would be flagged with 'subrogation=true' to enable healthcare payors to collect against accident claims.","See definition for when to be used.","","","","","","","",,,,,"",,,,"Coverage.subrogation",0,1,"","ele-1:All FHIR elements must have a @value or children {hasValue() or (children().count() > id.count())}
"
"Coverage.contract","Coverage.contract","","","",0,*,"","","","Reference {[]} {[CanonicalType[http://hl7.org/fhir/StructureDefinition/Contract|4.0.1]]}
","Contract details","Berisi data polis yang merupakan pertanggungan asuransi dengan tipe data Reference yang direferensikan ke data yang tersimpan di resource Contract.","","To reference the legally binding contract between the policy holder and the insurer.","","","","","","","",,,,,"",,,,"Coverage.contract",0,*,"","ele-1:All FHIR elements must have a @value or children {hasValue() or (children().count() > id.count())}
","n/a","D01 through D09","IN1-16, 18,  19","C.35"
