"Id","Path","Slice Name","Alias(s)","Label","Min","Max","Must Support?","Is Modifier?","Is Summary?","Type(s)","Short","Definition","Comments","Requirements","Default Value","Meaning When Missing","Fixed Value","Pattern","Example","Minimum Value","Maximum Value","Maximum Length","Binding Strength","Binding Description","Binding Value Set","Code","Slicing Discriminator","Slicing Description","Slicing Ordered","Slicing Rules","Base Path","Base Min","Base Max","Condition(s)","Constraint(s)","Mapping: Workflow Pattern","Mapping: FiveWs Pattern Mapping","Mapping: Canadian Dental Association eclaims standard","Mapping: RIM Mapping"
"CoverageEligibilityResponse","CoverageEligibilityResponse","","","",0,*,"","","","null {[]} {[]}
","CoverageEligibilityResponse resource","This resource provides eligibility and plan details from the processing of an CoverageEligibilityRequest resource.","","","","","","","","","",,,,,"",,,,"CoverageEligibilityResponse",0,*,"","dom-2:If the resource is contained in another resource, it SHALL NOT contain nested Resources {contained.contained.empty()}
dom-3:If the resource is contained in another resource, it SHALL be referred to from elsewhere in the resource or SHALL refer to the containing resource {contained.where((('#'+id in (%resource.descendants().reference | %resource.descendants().as(canonical) | %resource.descendants().as(uri) | %resource.descendants().as(url))) or descendants().where(reference = '#').exists() or descendants().where(as(canonical) = '#').exists() or descendants().where(as(canonical) = '#').exists()).not()).trace('unmatched', id).empty()}dom-4:If a resource is contained in another resource, it SHALL NOT have a meta.versionId or a meta.lastUpdated {contained.meta.versionId.empty() and contained.meta.lastUpdated.empty()}dom-5:If a resource is contained in another resource, it SHALL NOT have a security label {contained.meta.security.empty()}dom-6:A resource should have narrative for robust management {text.`div`.exists()}","Event","Entity. Role, or Act"
"CoverageEligibilityResponse.id","CoverageEligibilityResponse.id","","","",0,1,"","","Y","id {[]} {[]}
","Logical id of this artifact","The logical id of the resource, as used in the URL for the resource. Once assigned, this value never changes.","The only time that a resource does not have an id is when it is being submitted to the server using a create operation.","","","","","","","","",,,,,"",,,,"Resource.id",0,1,"",""
"CoverageEligibilityResponse.meta","CoverageEligibilityResponse.meta","","","",0,1,"","","Y","Meta {[]} {[]}
","Metadata about the resource","The metadata about the resource. This is content that is maintained by the infrastructure. Changes to the content might not always be associated with version changes to the resource.","","","","","","","","","",,,,,"",,,,"Resource.meta",0,1,"","ele-1:All FHIR elements must have a @value or children {hasValue() or (children().count() > id.count())}
"
"CoverageEligibilityResponse.implicitRules","CoverageEligibilityResponse.implicitRules","","","",0,1,"","Y","Y","uri {[]} {[]}
","A set of rules under which this content was created","A reference to a set of rules that were followed when the resource was constructed, and which must be understood when processing the content. Often, this is a reference to an implementation guide that defines the special rules along with other profiles etc.","Asserting this rule set restricts the content to be only understood by a limited set of trading partners. This inherently limits the usefulness of the data in the long term. However, the existing health eco-system is highly fractured, and not yet ready to define, collect, and exchange data in a generally computable sense. Wherever possible, implementers and/or specification writers should avoid using this element. Often, when used, the URL is a reference to an implementation guide that defines these special rules as part of it's narrative along with other profiles, value sets, etc.","","","","","","","","",,,,,"",,,,"Resource.implicitRules",0,1,"","ele-1:All FHIR elements must have a @value or children {hasValue() or (children().count() > id.count())}
"
"CoverageEligibilityResponse.language","CoverageEligibilityResponse.language","","","",0,1,"","","","code {[]} {[]}
","Language of the resource content","The base language in which the resource is written.","Language is provided to support indexing and accessibility (typically, services such as text to speech use the language tag). The html language tag in the narrative applies  to the narrative. The language tag on the resource may be used to specify the language of other presentations generated from the data in the resource. Not all the content has to be in the base language. The Resource.language should not be assumed to apply to the narrative automatically. If a language is specified, it should it also be specified on the div element in the html (see rules in HTML5 for information about the relationship between xml:lang and the html lang attribute).","","","","","","","","",,"preferred","A human language.","http://hl7.org/fhir/ValueSet/languages|4.0.1","",,,,"Resource.language",0,1,"","ele-1:All FHIR elements must have a @value or children {hasValue() or (children().count() > id.count())}
"
"CoverageEligibilityResponse.text","CoverageEligibilityResponse.text","","narrative
htmlxhtmldisplay","",0,1,"","","","Narrative {[]} {[]}
","Text summary of the resource, for human interpretation","A human-readable narrative that contains a summary of the resource and can be used to represent the content of the resource to a human. The narrative need not encode all the structured data, but is required to contain sufficient detail to make it ""clinically safe"" for a human to just read the narrative. Resource definitions may define what content should be represented in the narrative to ensure clinical safety.","Contained resources do not have narrative. Resources that are not contained SHOULD have a narrative. In some cases, a resource may only have text with little or no additional discrete data (as long as all minOccurs=1 elements are satisfied).  This may be necessary for data from legacy systems where information is captured as a ""text blob"" or where text is additionally entered raw or narrated and encoded information is added later.","","","","","","","","",,,,,"",,,,"DomainResource.text",0,1,"","ele-1:All FHIR elements must have a @value or children {hasValue() or (children().count() > id.count())}
","Act.text?"
"CoverageEligibilityResponse.contained","CoverageEligibilityResponse.contained","","inline resources
anonymous resourcescontained resources","",0,*,"","","","Resource {[]} {[]}
","Contained, inline Resources","These resources do not have an independent existence apart from the resource that contains them - they cannot be identified independently, and nor can they have their own independent transaction scope.","This should never be done when the content can be identified properly, as once identification is lost, it is extremely difficult (and context dependent) to restore it again. Contained resources may have profiles and tags In their meta elements, but SHALL NOT have security labels.","","","","","","","","",,,,,"",,,,"DomainResource.contained",0,*,"","","N/A"
"CoverageEligibilityResponse.extension","CoverageEligibilityResponse.extension","","","",0,*,"","","","Extension {[]} {[]}
","Extension","An Extension","","","","","","","","","",,,,,"","value:url}
","",,"open","DomainResource.extension",0,*,"","ele-1:All FHIR elements must have a @value or children {hasValue() or (children().count() > id.count())}
ext-1:Must have either extensions or value[x], not both {extension.exists() != value.exists()}"
"CoverageEligibilityResponse.extension:policyClass","CoverageEligibilityResponse.extension","policyClass","","",0,1,"","","","Extension {[CanonicalType[https://fhir.kemkes.go.id/r4/StructureDefinition/PolicyClass]]} {[]}
","Policy Class","Berisi data kode policy Class peserta asuransi dengan tipe data CodeableConcept.","","","","","","","","","",,,,,"",,,,"DomainResource.extension",0,*,"ele-1
","ele-1:All FHIR elements must have a @value or children {hasValue() or (children().count() > id.count())}
ext-1:Must have either extensions or value[x], not both {extension.exists() != value.exists()}"
"CoverageEligibilityResponse.extension:eligibilityStatus","CoverageEligibilityResponse.extension","eligibilityStatus","","",0,1,"","","","Extension {[CanonicalType[https://fhir.kemkes.go.id/r4/StructureDefinition/EligibilityStatus]]} {[]}
","Eligibility Status","Berisi data kode status eligibilitas dari permintaan eligibilitas peserta asuransi dengan tipe data CodeableConcept.","","","","","","","","","",,,,,"",,,,"DomainResource.extension",0,*,"ele-1
","ele-1:All FHIR elements must have a @value or children {hasValue() or (children().count() > id.count())}
ext-1:Must have either extensions or value[x], not both {extension.exists() != value.exists()}"
"CoverageEligibilityResponse.extension:excessPolicyClass","CoverageEligibilityResponse.extension","excessPolicyClass","","",0,1,"","","","Extension {[CanonicalType[https://fhir.kemkes.go.id/r4/StructureDefinition/ExcessPolicyClass]]} {[]}
","Excess Policy Class","Berisi data kode excess policy Class peserta asuransi dengan tipe data CodeableConcept.","","","","","","","","","",,,,,"",,,,"DomainResource.extension",0,*,"ele-1
","ele-1:All FHIR elements must have a @value or children {hasValue() or (children().count() > id.count())}
ext-1:Must have either extensions or value[x], not both {extension.exists() != value.exists()}"
"CoverageEligibilityResponse.extension:excessStatement","CoverageEligibilityResponse.extension","excessStatement","","",0,1,"","","","Extension {[CanonicalType[https://fhir.kemkes.go.id/r4/StructureDefinition/ExcessStatement]]} {[]}
","Excess Statement","Berisi data kode pernyataan excess, seperti detail dari dijaminkan dahulu dengan tipe data CodeableConcept.","","","","","","","","","",,,,,"",,,,"DomainResource.extension",0,*,"ele-1
","ele-1:All FHIR elements must have a @value or children {hasValue() or (children().count() > id.count())}
ext-1:Must have either extensions or value[x], not both {extension.exists() != value.exists()}"
"CoverageEligibilityResponse.modifierExtension","CoverageEligibilityResponse.modifierExtension","","extensions
user content","",0,*,"","Y","","Extension {[]} {[]}
","Extensions that cannot be ignored","May be used to represent additional information that is not part of the basic definition of the resource and that modifies the understanding of the element that contains it and/or the understanding of the containing element's descendants. Usually modifier elements provide negation or qualification. To make the use of extensions safe and manageable, there is a strict set of governance applied to the definition and use of extensions. Though any implementer is allowed to define an extension, there is a set of requirements that SHALL be met as part of the definition of the extension. Applications processing a resource are required to check for modifier extensions.

Modifier extensions SHALL NOT change the meaning of any elements on Resource or DomainResource (including cannot change the meaning of modifierExtension itself).","There can be no stigma associated with the use of extensions by any application, project, or standard - regardless of the institution or jurisdiction that uses or defines the extensions.  The use of extensions is what allows the FHIR specification to retain a core level of simplicity for everyone.","Modifier extensions allow for extensions that *cannot* be safely ignored to be clearly distinguished from the vast majority of extensions which can be safely ignored.  This promotes interoperability by eliminating the need for implementers to prohibit the presence of extensions. For further information, see the [definition of modifier extensions](http://hl7.org/fhir/R4/extensibility.html#modifierExtension).","","","","","","","",,,,,"",,,,"DomainResource.modifierExtension",0,*,"","ele-1:All FHIR elements must have a @value or children {hasValue() or (children().count() > id.count())}
ext-1:Must have either extensions or value[x], not both {extension.exists() != value.exists()}","N/A"
"CoverageEligibilityResponse.identifier","CoverageEligibilityResponse.identifier","","","",0,*,"","","","Identifier {[]} {[]}
","Business Identifier for coverage eligiblity request","Berisi data ID lokal yang ditetapkan untuk respon kelayakan cakupan dengan tipe data Identifier.","","Allows coverage eligibility requests to be distinguished and referenced.","","","","","","","",,,,,"",,,,"CoverageEligibilityResponse.identifier",0,*,"","ele-1:All FHIR elements must have a @value or children {hasValue() or (children().count() > id.count())}
","Event.identifier","FiveWs.identifier"
"CoverageEligibilityResponse.status","CoverageEligibilityResponse.status","","","",1,1,"","Y","Y","code {[]} {[]}
","active | cancelled | draft | entered-in-error","Berisi data yang menyatakan status CoverageEligibilityResponse dengan tipe data code, yang nilainya mengacu pada data terminologi Financial Resource Status Codes.","This element is labeled as a modifier because the status contains codes that mark the resource as not currently valid.","Need to track the status of the resource as 'draft' resources may undergo further edits while 'active' resources are immutable and may only have their status changed to 'cancelled'.","","","","","","","",,"required","A code specifying the state of the resource instance.","http://hl7.org/fhir/ValueSet/fm-status|4.0.1","",,,,"CoverageEligibilityResponse.status",1,1,"","ele-1:All FHIR elements must have a @value or children {hasValue() or (children().count() > id.count())}
","Event.status","FiveWs.status"
"CoverageEligibilityResponse.purpose","CoverageEligibilityResponse.purpose","","","",1,1,"","","Y","code {[]} {[]}
","auth-requirements | benefits | discovery | validation","Berisi data kode untuk menentukan tujuan permintaan: persyaratan otorisasi sebelumnya untuk beberapa kategori layanan atau kode tagihan; manfaat untuk pertanggungan yang ditentukan atau ditemukan; penemuan dan pengembalian pertanggungan untuk pasien; dan/atau validasi bahwa pertanggungan yang ditentukan berlaku pada tanggal/ periode yang ditentukan atau 'sekarang' jika tidak ditentukan. dengan tipe data code, yang nilainya mengacu pada data terminologi EligibilityResponsePurpose.","","To indicate the processing actions requested.","","","","","","","",,"required","A code specifying the types of information being requested.","http://hl7.org/fhir/ValueSet/eligibilityresponse-purpose|4.0.1","",,,,"CoverageEligibilityResponse.purpose",1,*,"","ele-1:All FHIR elements must have a @value or children {hasValue() or (children().count() > id.count())}
","FiveWs.class"
"CoverageEligibilityResponse.patient","CoverageEligibilityResponse.patient","","","",1,1,"","","Y","Reference {[]} {[CanonicalType[http://hl7.org/fhir/StructureDefinition/Patient|4.0.1]]}
","Intended recipient of products and services","Berisi data pihak yang yang mendapat manfaat dari pertanggungan asuransi dan untuk siapa kelayakan sedang dicari dengan tipe data Reference yang direferensikan ke data yang tersimpan di resource Patient.","","Required to provide context and coverage validation.","","","","","","","",,,,,"",,,,"CoverageEligibilityResponse.patient",1,1,"","ele-1:All FHIR elements must have a @value or children {hasValue() or (children().count() > id.count())}
","Event.subject","FiveWs.subject[x]","FiveWs.subject","C06,C07,C08, C05, C04"
"CoverageEligibilityResponse.serviced[x]","CoverageEligibilityResponse.serviced[x]","","","",0,1,"","","","date {[]} {[]}
Period {[]} {[]}","Estimated date or dates of service","Berisi data tanggal atau rentang tanggal ketika rangkaian layanan yang dilampirkan telah dilaksanakan atau selesai dilakukan.","","Required to provide time context for the request.","","","","","","","",,,,,"","type:$this}
","",,"closed","CoverageEligibilityResponse.serviced[x]",0,1,"","ele-1:All FHIR elements must have a @value or children {hasValue() or (children().count() > id.count())}
","FiveWs.done[x]","F09"
"CoverageEligibilityResponse.serviced[x]:servicedDate","CoverageEligibilityResponse.serviced[x]","servicedDate","","",0,1,"","","","date {[]} {[]}
","Estimated date or dates of service","Berisi data tanggal atau rentang tanggal ketika rangkaian layanan yang dilampirkan telah dilaksanakan atau selesai dilakukan date.","","Required to provide time context for the request.","","","","","","","",,,,,"",,,,"CoverageEligibilityResponse.serviced[x]",0,1,"","ele-1:All FHIR elements must have a @value or children {hasValue() or (children().count() > id.count())}
","FiveWs.done[x]","F09"
"CoverageEligibilityResponse.serviced[x]:servicedPeriod","CoverageEligibilityResponse.serviced[x]","servicedPeriod","","",0,1,"","","","Period {[]} {[]}
","Estimated date or dates of service","Berisi data tanggal atau rentang tanggal ketika rangkaian layanan yang dilampirkan telah dilaksanakan atau selesai dilakukan Period.","","Required to provide time context for the request.","","","","","","","",,,,,"",,,,"CoverageEligibilityResponse.serviced[x]",0,1,"","ele-1:All FHIR elements must have a @value or children {hasValue() or (children().count() > id.count())}
","FiveWs.done[x]","F09"
"CoverageEligibilityResponse.created","CoverageEligibilityResponse.created","","","",1,1,"","","Y","dateTime {[]} {[]}
","Response creation date","Berisi data tanggal ketika CoverageEligibilityResponse dibuat dengan tipe data dateTime, dengan format yang diperbolehkan YYYY, YYYY-MM, YYYY-MM-DD atau YYYY-MM-DDThh:mm:ss+zz:zz.","","Need to record a timestamp for use by both the recipient and the issuer.","","","","","","","",,,,,"",,,,"CoverageEligibilityResponse.created",1,1,"","ele-1:All FHIR elements must have a @value or children {hasValue() or (children().count() > id.count())}
","FiveWs.recorded"
"CoverageEligibilityResponse.requestor","CoverageEligibilityResponse.requestor","","","",0,1,"","","","Reference {[]} {[CanonicalType[http://hl7.org/fhir/StructureDefinition/Practitioner|4.0.1], CanonicalType[http://hl7.org/fhir/StructureDefinition/PractitionerRole|4.0.1], CanonicalType[http://hl7.org/fhir/StructureDefinition/Organization|4.0.1]]}
","Party responsible for the request","Berisi data penyedia yang bertanggung jawab atas permintaan dengan tipe data Reference yang direferensikan ke data yang tersimpan di resource Practitioner | PractitionerRole | Organization.","Typically this field would be 1..1 where this party is responsible for the claim but not necessarily professionally responsible for the provision of the individual products and services listed below.","","","","","","","","",,,,,"",,,,"CoverageEligibilityResponse.requestor",0,1,"","ele-1:All FHIR elements must have a @value or children {hasValue() or (children().count() > id.count())}
","FiveWs.source","B01"
"CoverageEligibilityResponse.request","CoverageEligibilityResponse.request","","","",1,1,"","","Y","Reference {[]} {[CanonicalType[http://hl7.org/fhir/StructureDefinition/CoverageEligibilityRequest|4.0.1]]}
","Eligibility request reference","Berisi data referensi ke sumber permintaan asli dengan tipe data Reference yang direferensikan ke data yang tersimpan di resource CoverageEligibilityRequest.","","Needed to allow the response to be linked to the request.","","","","","","","",,,,,"",,,,"CoverageEligibilityResponse.request",1,1,"","ele-1:All FHIR elements must have a @value or children {hasValue() or (children().count() > id.count())}
","Event.basedOn","FiveWs.why[x]","A02|G01"
"CoverageEligibilityResponse.outcome","CoverageEligibilityResponse.outcome","","","",1,1,"","","Y","code {[]} {[]}
","queued | complete | error | partial","Berisi data hasil dari pemrosesan permintaan dengan tipe data code yang nilainya mengacu pada data terminologi RemittanceOutcome.","The resource may be used to indicate that: the request has been held (queued) for processing; that it has been processed and errors found (error); that no errors were found and that some of the adjudication has been undertaken (partial) or that all of the adjudication has been undertaken (complete).","To advise the requestor of an overall processing outcome.","","","","","","","",,"required","The outcome of the processing.","http://hl7.org/fhir/ValueSet/remittance-outcome|4.0.1","",,,,"CoverageEligibilityResponse.outcome",1,1,"","ele-1:All FHIR elements must have a @value or children {hasValue() or (children().count() > id.count())}
"
"CoverageEligibilityResponse.disposition","CoverageEligibilityResponse.disposition","","","",0,1,"","","","string {[]} {[]}
","Disposition Message","Berisi data gambaran yang dapat dibaca manusia tentang status ajudikasi dengan tipe data string.","","Provided for user display.","","","","","","","",,,,,"",,,,"CoverageEligibilityResponse.disposition",0,1,"","ele-1:All FHIR elements must have a @value or children {hasValue() or (children().count() > id.count())}
","Event.note"
"CoverageEligibilityResponse.insurer","CoverageEligibilityResponse.insurer","","","",1,1,"","","Y","Reference {[]} {[CanonicalType[http://hl7.org/fhir/StructureDefinition/Organization|4.0.1]]}
","Coverage issuer","Berisi data penanggung yang mengeluarkan pertanggungan yang dipermasalahkan dan merupakan penulis tanggapan dengan tipe data Reference yang direferensikan ke data yang tersimpan di resource Organization.","","Need to identify the author.","","","","","","","",,,,,"",,,,"CoverageEligibilityResponse.insurer",1,1,"","ele-1:All FHIR elements must have a @value or children {hasValue() or (children().count() > id.count())}
"
"CoverageEligibilityResponse.insurance","CoverageEligibilityResponse.insurance","","","",0,*,"","","","BackboneElement {[]} {[]}
","Patient insurance information","Berisi data instrumen keuangan untuk penggantian produk dan layanan perawatan kesehatan dengan tipe data BackboneElement.","All insurance coverages for the patient which may be applicable for reimbursement, of the products and services listed in the claim, are typically provided in the claim to allow insurers to confirm the ordering of the insurance coverages relative to local 'coordination of benefit' rules. One coverage (and only one) with 'focal=true' is to be used in the adjudication of this claim. Coverages appearing before the focal Coverage in the list, and where 'subrogation=false', should provide a reference to the ClaimResponse containing the adjudication results of the prior claim.","There must be at least one coverage for which eligibility is requested.","","","","","","","",,,,,"",,,,"CoverageEligibilityResponse.insurance",0,*,"","ele-1:All FHIR elements must have a @value or children {hasValue() or (children().count() > id.count())}
"
"CoverageEligibilityResponse.insurance.id","CoverageEligibilityResponse.insurance.id","","","",0,1,"","","","string {[]} {[]}
","Unique id for inter-element referencing","Unique id for the element within a resource (for internal references). This may be any string value that does not contain spaces.","","","","","","","","","",,,,,"",,,,"Element.id",0,1,"","","n/a"
"CoverageEligibilityResponse.insurance.extension","CoverageEligibilityResponse.insurance.extension","","extensions
user content","",0,*,"","","","Extension {[]} {[]}
","Additional content defined by implementations","May be used to represent additional information that is not part of the basic definition of the element. To make the use of extensions safe and manageable, there is a strict set of governance  applied to the definition and use of extensions. Though any implementer can define an extension, there is a set of requirements that SHALL be met as part of the definition of the extension.","There can be no stigma associated with the use of extensions by any application, project, or standard - regardless of the institution or jurisdiction that uses or defines the extensions.  The use of extensions is what allows the FHIR specification to retain a core level of simplicity for everyone.","","","","","","","","",,,,,"",,,,"Element.extension",0,*,"","ele-1:All FHIR elements must have a @value or children {hasValue() or (children().count() > id.count())}
ext-1:Must have either extensions or value[x], not both {extension.exists() != value.exists()}","n/a"
"CoverageEligibilityResponse.insurance.modifierExtension","CoverageEligibilityResponse.insurance.modifierExtension","","extensions
user contentmodifiers","",0,*,"","Y","Y","Extension {[]} {[]}
","Extensions that cannot be ignored even if unrecognized","May be used to represent additional information that is not part of the basic definition of the element and that modifies the understanding of the element in which it is contained and/or the understanding of the containing element's descendants. Usually modifier elements provide negation or qualification. To make the use of extensions safe and manageable, there is a strict set of governance applied to the definition and use of extensions. Though any implementer can define an extension, there is a set of requirements that SHALL be met as part of the definition of the extension. Applications processing a resource are required to check for modifier extensions.

Modifier extensions SHALL NOT change the meaning of any elements on Resource or DomainResource (including cannot change the meaning of modifierExtension itself).","There can be no stigma associated with the use of extensions by any application, project, or standard - regardless of the institution or jurisdiction that uses or defines the extensions.  The use of extensions is what allows the FHIR specification to retain a core level of simplicity for everyone.","Modifier extensions allow for extensions that *cannot* be safely ignored to be clearly distinguished from the vast majority of extensions which can be safely ignored.  This promotes interoperability by eliminating the need for implementers to prohibit the presence of extensions. For further information, see the [definition of modifier extensions](http://hl7.org/fhir/R4/extensibility.html#modifierExtension).","","","","","","","",,,,,"",,,,"BackboneElement.modifierExtension",0,*,"","ele-1:All FHIR elements must have a @value or children {hasValue() or (children().count() > id.count())}
ext-1:Must have either extensions or value[x], not both {extension.exists() != value.exists()}","N/A"
"CoverageEligibilityResponse.insurance.coverage","CoverageEligibilityResponse.insurance.coverage","","","",1,1,"","","Y","Reference {[]} {[CanonicalType[http://hl7.org/fhir/StructureDefinition/Coverage|4.0.1]]}
","Insurance information","Berisi data referensi ke informasi tingkat kartu asuransi yang terdapat pada resource Coverage. Perusahaan asuransi yang mengeluarkan pertanggungan akan menggunakan perincian ini untuk menemukan pertanggungan aktual pasien dalam sistem informasi perusahaan asuransi dengan tipe data Reference yang direferensikan ke data yang tersimpan di resource Coverage.","","Required to allow the adjudicator to locate the correct policy and history within their information system.","","","","","","","",,,,,"",,,,"CoverageEligibilityResponse.insurance.coverage",1,1,"","ele-1:All FHIR elements must have a @value or children {hasValue() or (children().count() > id.count())}
"
"CoverageEligibilityResponse.insurance.inforce","CoverageEligibilityResponse.insurance.inforce","","","",0,1,"","","","boolean {[]} {[]}
","Coverage inforce indicator","Berisi data tanda yang menunjukkan apakah pertanggungan yang diberikan berlaku saat ini jika tidak ada tanggal layanan yang ditentukan atau untuk seluruh durasi tanggal layanan dengan tipe data booelan.","","Needed to convey the answer to the eligibility validation request.","","","","","","","",,,,,"",,,,"CoverageEligibilityResponse.insurance.inforce",0,1,"","ele-1:All FHIR elements must have a @value or children {hasValue() or (children().count() > id.count())}
"
"CoverageEligibilityResponse.insurance.benefitPeriod","CoverageEligibilityResponse.insurance.benefitPeriod","","","",0,1,"","","","Period {[]} {[]}
","When the benefits are applicable","Berisi data jangka waktu manfaat yang didokumentasikan pada respon dengan tipe data Period.","","Needed as coverages may be multi-year while benefits tend to be annual therefore a separate expression of the benefit period is needed.","","","","","","","",,,,,"",,,,"CoverageEligibilityResponse.insurance.benefitPeriod",0,1,"","ele-1:All FHIR elements must have a @value or children {hasValue() or (children().count() > id.count())}
"
"CoverageEligibilityResponse.insurance.item","CoverageEligibilityResponse.insurance.item","","","",0,*,"","","","BackboneElement {[]} {[]}
","Benefits and authorization details","Berisi data manfaat dan saldo opsional saat ini serta detail otorisasi berdasarkan kategori atau layanan dengan tipe data BackboneElement.","","","","","","","","","",,,,,"",,,,"CoverageEligibilityResponse.insurance.item",0,*,"","ces-1:SHALL contain a category or a billcode but not both. {category.exists() xor productOrService.exists()}
ele-1:All FHIR elements must have a @value or children {hasValue() or (children().count() > id.count())}"
"CoverageEligibilityResponse.insurance.item.id","CoverageEligibilityResponse.insurance.item.id","","","",0,1,"","","","string {[]} {[]}
","Unique id for inter-element referencing","Unique id for the element within a resource (for internal references). This may be any string value that does not contain spaces.","","","","","","","","","",,,,,"",,,,"Element.id",0,1,"","","n/a"
"CoverageEligibilityResponse.insurance.item.extension","CoverageEligibilityResponse.insurance.item.extension","","extensions
user content","",0,*,"","","","Extension {[]} {[]}
","Additional content defined by implementations","May be used to represent additional information that is not part of the basic definition of the element. To make the use of extensions safe and manageable, there is a strict set of governance  applied to the definition and use of extensions. Though any implementer can define an extension, there is a set of requirements that SHALL be met as part of the definition of the extension.","There can be no stigma associated with the use of extensions by any application, project, or standard - regardless of the institution or jurisdiction that uses or defines the extensions.  The use of extensions is what allows the FHIR specification to retain a core level of simplicity for everyone.","","","","","","","","",,,,,"",,,,"Element.extension",0,*,"","ele-1:All FHIR elements must have a @value or children {hasValue() or (children().count() > id.count())}
ext-1:Must have either extensions or value[x], not both {extension.exists() != value.exists()}","n/a"
"CoverageEligibilityResponse.insurance.item.modifierExtension","CoverageEligibilityResponse.insurance.item.modifierExtension","","extensions
user contentmodifiers","",0,*,"","Y","Y","Extension {[]} {[]}
","Extensions that cannot be ignored even if unrecognized","May be used to represent additional information that is not part of the basic definition of the element and that modifies the understanding of the element in which it is contained and/or the understanding of the containing element's descendants. Usually modifier elements provide negation or qualification. To make the use of extensions safe and manageable, there is a strict set of governance applied to the definition and use of extensions. Though any implementer can define an extension, there is a set of requirements that SHALL be met as part of the definition of the extension. Applications processing a resource are required to check for modifier extensions.

Modifier extensions SHALL NOT change the meaning of any elements on Resource or DomainResource (including cannot change the meaning of modifierExtension itself).","There can be no stigma associated with the use of extensions by any application, project, or standard - regardless of the institution or jurisdiction that uses or defines the extensions.  The use of extensions is what allows the FHIR specification to retain a core level of simplicity for everyone.","Modifier extensions allow for extensions that *cannot* be safely ignored to be clearly distinguished from the vast majority of extensions which can be safely ignored.  This promotes interoperability by eliminating the need for implementers to prohibit the presence of extensions. For further information, see the [definition of modifier extensions](http://hl7.org/fhir/R4/extensibility.html#modifierExtension).","","","","","","","",,,,,"",,,,"BackboneElement.modifierExtension",0,*,"","ele-1:All FHIR elements must have a @value or children {hasValue() or (children().count() > id.count())}
ext-1:Must have either extensions or value[x], not both {extension.exists() != value.exists()}","N/A"
"CoverageEligibilityResponse.insurance.item.category","CoverageEligibilityResponse.insurance.item.category","","","",0,1,"","","","CodeableConcept {[]} {[]}
","Benefit classification","Berisi data kode untuk mengidentifikasi jenis manfaat umum dari produk dan layanan dengan tipe data CodeableConcept.","Examples include Medical Care, Periodontics, Renal Dialysis, Vision Coverage.","Needed to convey the category of service or product for which eligibility is sought.","","","","","","","",,"example","Benefit categories such as: oral, medical, vision etc.","http://hl7.org/fhir/ValueSet/ex-benefitcategory|4.0.1","",,,,"CoverageEligibilityResponse.insurance.item.category",0,1,"","ele-1:All FHIR elements must have a @value or children {hasValue() or (children().count() > id.count())}
"
"CoverageEligibilityResponse.insurance.item.category.id","CoverageEligibilityResponse.insurance.item.category.id","","","",0,1,"","","","string {[]} {[]}
","Unique id for inter-element referencing","Unique id for the element within a resource (for internal references). This may be any string value that does not contain spaces.","","","","","","","","","",,,,,"",,,,"Element.id",0,1,"","","n/a"
"CoverageEligibilityResponse.insurance.item.category.extension","CoverageEligibilityResponse.insurance.item.category.extension","","extensions
user content","",0,*,"","","","Extension {[]} {[]}
","Additional content defined by implementations","May be used to represent additional information that is not part of the basic definition of the element. To make the use of extensions safe and manageable, there is a strict set of governance  applied to the definition and use of extensions. Though any implementer can define an extension, there is a set of requirements that SHALL be met as part of the definition of the extension.","There can be no stigma associated with the use of extensions by any application, project, or standard - regardless of the institution or jurisdiction that uses or defines the extensions.  The use of extensions is what allows the FHIR specification to retain a core level of simplicity for everyone.","","","","","","","","",,,,,"","value:url}
","Extensions are always sliced by (at least) url",,"open","Element.extension",0,*,"","ele-1:All FHIR elements must have a @value or children {hasValue() or (children().count() > id.count())}
ext-1:Must have either extensions or value[x], not both {extension.exists() != value.exists()}","n/a"
"CoverageEligibilityResponse.insurance.item.category.coding","CoverageEligibilityResponse.insurance.item.category.coding","","","",0,*,"","","Y","Coding {[]} {[]}
","Code defined by a terminology system","Berisi data kode untuk mengidentifikasi jenis manfaat umum dari produk dan layanan dengan tipe data Coding yang nilainya dapat mengacu pada contoh data terminologi Benefit Category Codes.","Codes may be defined very casually in enumerations, or code lists, up to very formal definitions such as SNOMED CT - see the HL7 v3 Core Principles for more information.  Ordering of codings is undefined and SHALL NOT be used to infer meaning. Generally, at most only one of the coding values will be labeled as UserSelected = true.","Allows for alternative encodings within a code system, and translations to other code systems.","","","","","","","",,,,,"",,,,"CodeableConcept.coding",0,*,"","ele-1:All FHIR elements must have a @value or children {hasValue() or (children().count() > id.count())}
","union(., ./translation)"
"CoverageEligibilityResponse.insurance.item.category.text","CoverageEligibilityResponse.insurance.item.category.text","","","",0,1,"","","Y","string {[]} {[]}
","Plain text representation of the concept","A human language representation of the concept as seen/selected/uttered by the user who entered the data and/or which represents the intended meaning of the user.","Very often the text is the same as a displayName of one of the codings.","The codes from the terminologies do not always capture the correct meaning with all the nuances of the human using them, or sometimes there is no appropriate code at all. In these cases, the text is used to capture the full meaning of the source.","","","","","","","",,,,,"",,,,"CodeableConcept.text",0,1,"","ele-1:All FHIR elements must have a @value or children {hasValue() or (children().count() > id.count())}
","./originalText[mediaType/code=""text/plain""]/data"
"CoverageEligibilityResponse.insurance.item.productOrService","CoverageEligibilityResponse.insurance.item.productOrService","","Drug Code
Bill CodeService Code","",0,1,"","","","CodeableConcept {[]} {[]}
","Billing, service, product, or drug code","Berisi data produk, layanan, obat, atau kode tagihan lainnya untuk item tersebut dengan tipe data CodeableConcept.","Code to indicate the Professional Service or Product supplied (e.g. CTP, HCPCS, USCLS, ICD10, NCPDP, DIN, RxNorm, ACHI, CCI).","Needed to convey the actual service or product for which eligibility is sought.","","","","","","","",,"example","Allowable service and product codes.","http://hl7.org/fhir/ValueSet/service-uscls|4.0.1","",,,,"CoverageEligibilityResponse.insurance.item.productOrService",0,1,"","ele-1:All FHIR elements must have a @value or children {hasValue() or (children().count() > id.count())}
"
"CoverageEligibilityResponse.insurance.item.productOrService.id","CoverageEligibilityResponse.insurance.item.productOrService.id","","","",0,1,"","","","string {[]} {[]}
","Unique id for inter-element referencing","Unique id for the element within a resource (for internal references). This may be any string value that does not contain spaces.","","","","","","","","","",,,,,"",,,,"Element.id",0,1,"","","n/a"
"CoverageEligibilityResponse.insurance.item.productOrService.extension","CoverageEligibilityResponse.insurance.item.productOrService.extension","","extensions
user content","",0,*,"","","","Extension {[]} {[]}
","Additional content defined by implementations","May be used to represent additional information that is not part of the basic definition of the element. To make the use of extensions safe and manageable, there is a strict set of governance  applied to the definition and use of extensions. Though any implementer can define an extension, there is a set of requirements that SHALL be met as part of the definition of the extension.","There can be no stigma associated with the use of extensions by any application, project, or standard - regardless of the institution or jurisdiction that uses or defines the extensions.  The use of extensions is what allows the FHIR specification to retain a core level of simplicity for everyone.","","","","","","","","",,,,,"","value:url}
","Extensions are always sliced by (at least) url",,"open","Element.extension",0,*,"","ele-1:All FHIR elements must have a @value or children {hasValue() or (children().count() > id.count())}
ext-1:Must have either extensions or value[x], not both {extension.exists() != value.exists()}","n/a"
"CoverageEligibilityResponse.insurance.item.productOrService.coding","CoverageEligibilityResponse.insurance.item.productOrService.coding","","","",0,*,"","","Y","Coding {[]} {[]}
","Code defined by a terminology system","Berisi data produk, layanan, obat, atau kode tagihan lainnya untuk item tersebut dengan tipe data Coding yang nilainya dapat mengacu pada contoh data terminologi USCLS Codes.","Codes may be defined very casually in enumerations, or code lists, up to very formal definitions such as SNOMED CT - see the HL7 v3 Core Principles for more information.  Ordering of codings is undefined and SHALL NOT be used to infer meaning. Generally, at most only one of the coding values will be labeled as UserSelected = true.","Allows for alternative encodings within a code system, and translations to other code systems.","","","","","","","",,,,,"",,,,"CodeableConcept.coding",0,*,"","ele-1:All FHIR elements must have a @value or children {hasValue() or (children().count() > id.count())}
","union(., ./translation)"
"CoverageEligibilityResponse.insurance.item.productOrService.text","CoverageEligibilityResponse.insurance.item.productOrService.text","","","",0,1,"","","Y","string {[]} {[]}
","Plain text representation of the concept","A human language representation of the concept as seen/selected/uttered by the user who entered the data and/or which represents the intended meaning of the user.","Very often the text is the same as a displayName of one of the codings.","The codes from the terminologies do not always capture the correct meaning with all the nuances of the human using them, or sometimes there is no appropriate code at all. In these cases, the text is used to capture the full meaning of the source.","","","","","","","",,,,,"",,,,"CodeableConcept.text",0,1,"","ele-1:All FHIR elements must have a @value or children {hasValue() or (children().count() > id.count())}
","./originalText[mediaType/code=""text/plain""]/data"
"CoverageEligibilityResponse.insurance.item.modifier","CoverageEligibilityResponse.insurance.item.modifier","","","",0,*,"","","","CodeableConcept {[]} {[]}
","Product or service billing modifiers","Berisi data tipifikasi item atau pengubah kode untuk menyatakan konteks tambahan untuk produk atau layanan dengan tipe data CodeableConcept.","For example in Oral whether the treatment is cosmetic or associated with TMJ, or for Medical whether the treatment was outside the clinic or out of office hours.","To support provision of the item or to charge an elevated fee.","","","","","","","",,"example","Item type or modifiers codes, eg for Oral whether the treatment is cosmetic or associated with TMJ, or an appliance was lost or stolen.","http://hl7.org/fhir/ValueSet/claim-modifiers|4.0.1","",,,,"CoverageEligibilityResponse.insurance.item.modifier",0,*,"","ele-1:All FHIR elements must have a @value or children {hasValue() or (children().count() > id.count())}
"
"CoverageEligibilityResponse.insurance.item.modifier.id","CoverageEligibilityResponse.insurance.item.modifier.id","","","",0,1,"","","","string {[]} {[]}
","Unique id for inter-element referencing","Unique id for the element within a resource (for internal references). This may be any string value that does not contain spaces.","","","","","","","","","",,,,,"",,,,"Element.id",0,1,"","","n/a"
"CoverageEligibilityResponse.insurance.item.modifier.extension","CoverageEligibilityResponse.insurance.item.modifier.extension","","extensions
user content","",0,*,"","","","Extension {[]} {[]}
","Additional content defined by implementations","May be used to represent additional information that is not part of the basic definition of the element. To make the use of extensions safe and manageable, there is a strict set of governance  applied to the definition and use of extensions. Though any implementer can define an extension, there is a set of requirements that SHALL be met as part of the definition of the extension.","There can be no stigma associated with the use of extensions by any application, project, or standard - regardless of the institution or jurisdiction that uses or defines the extensions.  The use of extensions is what allows the FHIR specification to retain a core level of simplicity for everyone.","","","","","","","","",,,,,"","value:url}
","Extensions are always sliced by (at least) url",,"open","Element.extension",0,*,"","ele-1:All FHIR elements must have a @value or children {hasValue() or (children().count() > id.count())}
ext-1:Must have either extensions or value[x], not both {extension.exists() != value.exists()}","n/a"
"CoverageEligibilityResponse.insurance.item.modifier.coding","CoverageEligibilityResponse.insurance.item.modifier.coding","","","",0,*,"","","Y","Coding {[]} {[]}
","Code defined by a terminology system","Berisi data tipifikasi item atau pengubah kode untuk menyatakan konteks tambahan untuk produk atau layanan dengan tipe data Coding yang nilainya dapat mengacu pada contoh data terminologi Modifier types Codes.","Codes may be defined very casually in enumerations, or code lists, up to very formal definitions such as SNOMED CT - see the HL7 v3 Core Principles for more information.  Ordering of codings is undefined and SHALL NOT be used to infer meaning. Generally, at most only one of the coding values will be labeled as UserSelected = true.","Allows for alternative encodings within a code system, and translations to other code systems.","","","","","","","",,,,,"",,,,"CodeableConcept.coding",0,*,"","ele-1:All FHIR elements must have a @value or children {hasValue() or (children().count() > id.count())}
","union(., ./translation)"
"CoverageEligibilityResponse.insurance.item.modifier.text","CoverageEligibilityResponse.insurance.item.modifier.text","","","",0,1,"","","Y","string {[]} {[]}
","Plain text representation of the concept","A human language representation of the concept as seen/selected/uttered by the user who entered the data and/or which represents the intended meaning of the user.","Very often the text is the same as a displayName of one of the codings.","The codes from the terminologies do not always capture the correct meaning with all the nuances of the human using them, or sometimes there is no appropriate code at all. In these cases, the text is used to capture the full meaning of the source.","","","","","","","",,,,,"",,,,"CodeableConcept.text",0,1,"","ele-1:All FHIR elements must have a @value or children {hasValue() or (children().count() > id.count())}
","./originalText[mediaType/code=""text/plain""]/data"
"CoverageEligibilityResponse.insurance.item.provider","CoverageEligibilityResponse.insurance.item.provider","","","",0,1,"","","","Reference {[]} {[CanonicalType[http://hl7.org/fhir/StructureDefinition/Practitioner|4.0.1], CanonicalType[http://hl7.org/fhir/StructureDefinition/PractitionerRole|4.0.1]]}
","Performing practitioner","Berisi data praktisi yang memenuhi syarat untuk penyediaan produk atau layanan dengan tipe data Reference yang direferensikan ke data yang tersimpan di resource Practitioner | Coverage.","","Needed to convey the eligible provider.","","","","","","","",,,,,"",,,,"CoverageEligibilityResponse.insurance.item.provider",0,1,"","ele-1:All FHIR elements must have a @value or children {hasValue() or (children().count() > id.count())}
","FiveWs.source","B01"
"CoverageEligibilityResponse.insurance.item.excluded","CoverageEligibilityResponse.insurance.item.excluded","","","",0,1,"","","","boolean {[]} {[]}
","Excluded from the plan","Berisi data Benar jika kelas layanan yang ditunjukkan dikecualikan dari paket, hilang atau salah menunjukkan produk atau layanan termasuk dalam pertanggungan dengan tipe data booelan.","","Needed to identify items that are specifically excluded from the coverage.","","","","","","","",,,,,"",,,,"CoverageEligibilityResponse.insurance.item.excluded",0,1,"","ele-1:All FHIR elements must have a @value or children {hasValue() or (children().count() > id.count())}
"
"CoverageEligibilityResponse.insurance.item.name","CoverageEligibilityResponse.insurance.item.name","","","",0,1,"","","","string {[]} {[]}
","Short name for the benefit","Berisi data Nama pendek atau tag untuk keuntungan dengan tipe data string.","For example: MED01, or DENT2.","Required to align with other plan names.","","","","","","","",,,,,"",,,,"CoverageEligibilityResponse.insurance.item.name",0,1,"","ele-1:All FHIR elements must have a @value or children {hasValue() or (children().count() > id.count())}
"
"CoverageEligibilityResponse.insurance.item.description","CoverageEligibilityResponse.insurance.item.description","","","",0,1,"","","","string {[]} {[]}
","Description of the benefit or services covered","Berisi data deskripsi yang lebih detail tentang manfaat atau layanan yang dicakup dengan tipe data string.","For example 'DENT2 covers 100% of basic, 50% of major but excludes Ortho, Implants and Cosmetic services'.","Needed for human readable reference.","","","","","","","",,,,,"",,,,"CoverageEligibilityResponse.insurance.item.description",0,1,"","ele-1:All FHIR elements must have a @value or children {hasValue() or (children().count() > id.count())}
"
"CoverageEligibilityResponse.insurance.item.network","CoverageEligibilityResponse.insurance.item.network","","","",0,1,"","","","CodeableConcept {[]} {[]}
","In or out of network","Berisi data tanda untuk menunjukkan apakah manfaat mengacu pada penyedia dalam jaringan atau penyedia di luar jaringan dengan tipe data CodeableConcept.","","Needed as in or out of network providers are treated differently under the coverage.","","","","","","","",,"example","Code to classify in or out of network services.","http://hl7.org/fhir/ValueSet/benefit-network|4.0.1","",,,,"CoverageEligibilityResponse.insurance.item.network",0,1,"","ele-1:All FHIR elements must have a @value or children {hasValue() or (children().count() > id.count())}
"
"CoverageEligibilityResponse.insurance.item.network.id","CoverageEligibilityResponse.insurance.item.network.id","","","",0,1,"","","","string {[]} {[]}
","Unique id for inter-element referencing","Unique id for the element within a resource (for internal references). This may be any string value that does not contain spaces.","","","","","","","","","",,,,,"",,,,"Element.id",0,1,"","","n/a"
"CoverageEligibilityResponse.insurance.item.network.extension","CoverageEligibilityResponse.insurance.item.network.extension","","extensions
user content","",0,*,"","","","Extension {[]} {[]}
","Additional content defined by implementations","May be used to represent additional information that is not part of the basic definition of the element. To make the use of extensions safe and manageable, there is a strict set of governance  applied to the definition and use of extensions. Though any implementer can define an extension, there is a set of requirements that SHALL be met as part of the definition of the extension.","There can be no stigma associated with the use of extensions by any application, project, or standard - regardless of the institution or jurisdiction that uses or defines the extensions.  The use of extensions is what allows the FHIR specification to retain a core level of simplicity for everyone.","","","","","","","","",,,,,"","value:url}
","Extensions are always sliced by (at least) url",,"open","Element.extension",0,*,"","ele-1:All FHIR elements must have a @value or children {hasValue() or (children().count() > id.count())}
ext-1:Must have either extensions or value[x], not both {extension.exists() != value.exists()}","n/a"
"CoverageEligibilityResponse.insurance.item.network.coding","CoverageEligibilityResponse.insurance.item.network.coding","","","",0,*,"","","Y","Coding {[]} {[]}
","Code defined by a terminology system","Berisi data tanda untuk menunjukkan apakah manfaat mengacu pada penyedia dalam jaringan atau penyedia di luar jaringan dengan tipe data Coding yang nilainya dapat mengacu pada contoh data terminologi Network Type Codes.","Codes may be defined very casually in enumerations, or code lists, up to very formal definitions such as SNOMED CT - see the HL7 v3 Core Principles for more information.  Ordering of codings is undefined and SHALL NOT be used to infer meaning. Generally, at most only one of the coding values will be labeled as UserSelected = true.","Allows for alternative encodings within a code system, and translations to other code systems.","","","","","","","",,,,,"",,,,"CodeableConcept.coding",0,*,"","ele-1:All FHIR elements must have a @value or children {hasValue() or (children().count() > id.count())}
","union(., ./translation)"
"CoverageEligibilityResponse.insurance.item.network.text","CoverageEligibilityResponse.insurance.item.network.text","","","",0,1,"","","Y","string {[]} {[]}
","Plain text representation of the concept","A human language representation of the concept as seen/selected/uttered by the user who entered the data and/or which represents the intended meaning of the user.","Very often the text is the same as a displayName of one of the codings.","The codes from the terminologies do not always capture the correct meaning with all the nuances of the human using them, or sometimes there is no appropriate code at all. In these cases, the text is used to capture the full meaning of the source.","","","","","","","",,,,,"",,,,"CodeableConcept.text",0,1,"","ele-1:All FHIR elements must have a @value or children {hasValue() or (children().count() > id.count())}
","./originalText[mediaType/code=""text/plain""]/data"
"CoverageEligibilityResponse.insurance.item.unit","CoverageEligibilityResponse.insurance.item.unit","","","",0,1,"","","","CodeableConcept {[]} {[]}
","Individual or family","Berisi data yang menunjukkan apakah manfaat berlaku untuk individu atau keluarga dengan tipe data CodeableConcept.","","Needed for the understanding of the benefits.","","","","","","","",,"example","Unit covered/serviced - individual or family.","http://hl7.org/fhir/ValueSet/benefit-unit|4.0.1","",,,,"CoverageEligibilityResponse.insurance.item.unit",0,1,"","ele-1:All FHIR elements must have a @value or children {hasValue() or (children().count() > id.count())}
"
"CoverageEligibilityResponse.insurance.item.unit.id","CoverageEligibilityResponse.insurance.item.unit.id","","","",0,1,"","","","string {[]} {[]}
","Unique id for inter-element referencing","Unique id for the element within a resource (for internal references). This may be any string value that does not contain spaces.","","","","","","","","","",,,,,"",,,,"Element.id",0,1,"","","n/a"
"CoverageEligibilityResponse.insurance.item.unit.extension","CoverageEligibilityResponse.insurance.item.unit.extension","","extensions
user content","",0,*,"","","","Extension {[]} {[]}
","Additional content defined by implementations","May be used to represent additional information that is not part of the basic definition of the element. To make the use of extensions safe and manageable, there is a strict set of governance  applied to the definition and use of extensions. Though any implementer can define an extension, there is a set of requirements that SHALL be met as part of the definition of the extension.","There can be no stigma associated with the use of extensions by any application, project, or standard - regardless of the institution or jurisdiction that uses or defines the extensions.  The use of extensions is what allows the FHIR specification to retain a core level of simplicity for everyone.","","","","","","","","",,,,,"","value:url}
","Extensions are always sliced by (at least) url",,"open","Element.extension",0,*,"","ele-1:All FHIR elements must have a @value or children {hasValue() or (children().count() > id.count())}
ext-1:Must have either extensions or value[x], not both {extension.exists() != value.exists()}","n/a"
"CoverageEligibilityResponse.insurance.item.unit.coding","CoverageEligibilityResponse.insurance.item.unit.coding","","","",0,*,"","","Y","Coding {[]} {[]}
","Code defined by a terminology system","Berisi data yang menunjukkan apakah manfaat berlaku untuk individu atau keluarga dengan tipe data Coding yang nilainya dapat mengacu pada contoh data terminologi Unit Type Codes.","Codes may be defined very casually in enumerations, or code lists, up to very formal definitions such as SNOMED CT - see the HL7 v3 Core Principles for more information.  Ordering of codings is undefined and SHALL NOT be used to infer meaning. Generally, at most only one of the coding values will be labeled as UserSelected = true.","Allows for alternative encodings within a code system, and translations to other code systems.","","","","","","","",,,,,"",,,,"CodeableConcept.coding",0,*,"","ele-1:All FHIR elements must have a @value or children {hasValue() or (children().count() > id.count())}
","union(., ./translation)"
"CoverageEligibilityResponse.insurance.item.unit.text","CoverageEligibilityResponse.insurance.item.unit.text","","","",0,1,"","","Y","string {[]} {[]}
","Plain text representation of the concept","A human language representation of the concept as seen/selected/uttered by the user who entered the data and/or which represents the intended meaning of the user.","Very often the text is the same as a displayName of one of the codings.","The codes from the terminologies do not always capture the correct meaning with all the nuances of the human using them, or sometimes there is no appropriate code at all. In these cases, the text is used to capture the full meaning of the source.","","","","","","","",,,,,"",,,,"CodeableConcept.text",0,1,"","ele-1:All FHIR elements must have a @value or children {hasValue() or (children().count() > id.count())}
","./originalText[mediaType/code=""text/plain""]/data"
"CoverageEligibilityResponse.insurance.item.term","CoverageEligibilityResponse.insurance.item.term","","","",0,1,"","","","CodeableConcept {[]} {[]}
","Annual or lifetime","Berisi data jangka waktu atau periode nilai seperti 'manfaat seumur hidup maksimum' atau 'kunjungan tahunan maksimum' dengan tipe data CodeableConcept.","","Needed for the understanding of the benefits.","","","","","","","",,"example","Coverage unit - annual, lifetime.","http://hl7.org/fhir/ValueSet/benefit-term|4.0.1","",,,,"CoverageEligibilityResponse.insurance.item.term",0,1,"","ele-1:All FHIR elements must have a @value or children {hasValue() or (children().count() > id.count())}
"
"CoverageEligibilityResponse.insurance.item.term.id","CoverageEligibilityResponse.insurance.item.term.id","","","",0,1,"","","","string {[]} {[]}
","Unique id for inter-element referencing","Unique id for the element within a resource (for internal references). This may be any string value that does not contain spaces.","","","","","","","","","",,,,,"",,,,"Element.id",0,1,"","","n/a"
"CoverageEligibilityResponse.insurance.item.term.extension","CoverageEligibilityResponse.insurance.item.term.extension","","extensions
user content","",0,*,"","","","Extension {[]} {[]}
","Additional content defined by implementations","May be used to represent additional information that is not part of the basic definition of the element. To make the use of extensions safe and manageable, there is a strict set of governance  applied to the definition and use of extensions. Though any implementer can define an extension, there is a set of requirements that SHALL be met as part of the definition of the extension.","There can be no stigma associated with the use of extensions by any application, project, or standard - regardless of the institution or jurisdiction that uses or defines the extensions.  The use of extensions is what allows the FHIR specification to retain a core level of simplicity for everyone.","","","","","","","","",,,,,"","value:url}
","Extensions are always sliced by (at least) url",,"open","Element.extension",0,*,"","ele-1:All FHIR elements must have a @value or children {hasValue() or (children().count() > id.count())}
ext-1:Must have either extensions or value[x], not both {extension.exists() != value.exists()}","n/a"
"CoverageEligibilityResponse.insurance.item.term.coding","CoverageEligibilityResponse.insurance.item.term.coding","","","",0,*,"","","Y","Coding {[]} {[]}
","Code defined by a terminology system","Berisi data jangka waktu atau periode nilai seperti 'manfaat seumur hidup maksimum' atau 'kunjungan tahunan maksimum' dengan tipe data Coding yang nilainya dapat mengacu pada contoh data terminologi Benefit Term Codes.","Codes may be defined very casually in enumerations, or code lists, up to very formal definitions such as SNOMED CT - see the HL7 v3 Core Principles for more information.  Ordering of codings is undefined and SHALL NOT be used to infer meaning. Generally, at most only one of the coding values will be labeled as UserSelected = true.","Allows for alternative encodings within a code system, and translations to other code systems.","","","","","","","",,,,,"",,,,"CodeableConcept.coding",0,*,"","ele-1:All FHIR elements must have a @value or children {hasValue() or (children().count() > id.count())}
","union(., ./translation)"
"CoverageEligibilityResponse.insurance.item.term.text","CoverageEligibilityResponse.insurance.item.term.text","","","",0,1,"","","Y","string {[]} {[]}
","Plain text representation of the concept","A human language representation of the concept as seen/selected/uttered by the user who entered the data and/or which represents the intended meaning of the user.","Very often the text is the same as a displayName of one of the codings.","The codes from the terminologies do not always capture the correct meaning with all the nuances of the human using them, or sometimes there is no appropriate code at all. In these cases, the text is used to capture the full meaning of the source.","","","","","","","",,,,,"",,,,"CodeableConcept.text",0,1,"","ele-1:All FHIR elements must have a @value or children {hasValue() or (children().count() > id.count())}
","./originalText[mediaType/code=""text/plain""]/data"
"CoverageEligibilityResponse.insurance.item.benefit","CoverageEligibilityResponse.insurance.item.benefit","","","",0,*,"","","","BackboneElement {[]} {[]}
","Benefit Summary","Berisi data manfaat yang digunakan sampai saat ini dengan tipe data BackboneElement.","","","","","","","","","",,,,,"",,,,"CoverageEligibilityResponse.insurance.item.benefit",0,*,"","ele-1:All FHIR elements must have a @value or children {hasValue() or (children().count() > id.count())}
"
"CoverageEligibilityResponse.insurance.item.benefit.id","CoverageEligibilityResponse.insurance.item.benefit.id","","","",0,1,"","","","string {[]} {[]}
","Unique id for inter-element referencing","Unique id for the element within a resource (for internal references). This may be any string value that does not contain spaces.","","","","","","","","","",,,,,"",,,,"Element.id",0,1,"","","n/a"
"CoverageEligibilityResponse.insurance.item.benefit.extension","CoverageEligibilityResponse.insurance.item.benefit.extension","","extensions
user content","",0,*,"","","","Extension {[]} {[]}
","Additional content defined by implementations","May be used to represent additional information that is not part of the basic definition of the element. To make the use of extensions safe and manageable, there is a strict set of governance  applied to the definition and use of extensions. Though any implementer can define an extension, there is a set of requirements that SHALL be met as part of the definition of the extension.","There can be no stigma associated with the use of extensions by any application, project, or standard - regardless of the institution or jurisdiction that uses or defines the extensions.  The use of extensions is what allows the FHIR specification to retain a core level of simplicity for everyone.","","","","","","","","",,,,,"",,,,"Element.extension",0,*,"","ele-1:All FHIR elements must have a @value or children {hasValue() or (children().count() > id.count())}
ext-1:Must have either extensions or value[x], not both {extension.exists() != value.exists()}","n/a"
"CoverageEligibilityResponse.insurance.item.benefit.modifierExtension","CoverageEligibilityResponse.insurance.item.benefit.modifierExtension","","extensions
user contentmodifiers","",0,*,"","Y","Y","Extension {[]} {[]}
","Extensions that cannot be ignored even if unrecognized","May be used to represent additional information that is not part of the basic definition of the element and that modifies the understanding of the element in which it is contained and/or the understanding of the containing element's descendants. Usually modifier elements provide negation or qualification. To make the use of extensions safe and manageable, there is a strict set of governance applied to the definition and use of extensions. Though any implementer can define an extension, there is a set of requirements that SHALL be met as part of the definition of the extension. Applications processing a resource are required to check for modifier extensions.

Modifier extensions SHALL NOT change the meaning of any elements on Resource or DomainResource (including cannot change the meaning of modifierExtension itself).","There can be no stigma associated with the use of extensions by any application, project, or standard - regardless of the institution or jurisdiction that uses or defines the extensions.  The use of extensions is what allows the FHIR specification to retain a core level of simplicity for everyone.","Modifier extensions allow for extensions that *cannot* be safely ignored to be clearly distinguished from the vast majority of extensions which can be safely ignored.  This promotes interoperability by eliminating the need for implementers to prohibit the presence of extensions. For further information, see the [definition of modifier extensions](http://hl7.org/fhir/R4/extensibility.html#modifierExtension).","","","","","","","",,,,,"",,,,"BackboneElement.modifierExtension",0,*,"","ele-1:All FHIR elements must have a @value or children {hasValue() or (children().count() > id.count())}
ext-1:Must have either extensions or value[x], not both {extension.exists() != value.exists()}","N/A"
"CoverageEligibilityResponse.insurance.item.benefit.type","CoverageEligibilityResponse.insurance.item.benefit.type","","","",1,1,"","","","CodeableConcept {[]} {[]}
","Benefit classification","Berisi data klasifikasi manfaat yang diberikan dengan tipe data CodeableConcept.","For example: deductible, visits, benefit amount.","Needed to convey the nature of the benefit.","","","","","","","",,"example","Deductable, visits, co-pay, etc.","http://hl7.org/fhir/ValueSet/benefit-type|4.0.1","",,,,"CoverageEligibilityResponse.insurance.item.benefit.type",1,1,"","ele-1:All FHIR elements must have a @value or children {hasValue() or (children().count() > id.count())}
"
"CoverageEligibilityResponse.insurance.item.benefit.type.id","CoverageEligibilityResponse.insurance.item.benefit.type.id","","","",0,1,"","","","string {[]} {[]}
","Unique id for inter-element referencing","Unique id for the element within a resource (for internal references). This may be any string value that does not contain spaces.","","","","","","","","","",,,,,"",,,,"Element.id",0,1,"","","n/a"
"CoverageEligibilityResponse.insurance.item.benefit.type.extension","CoverageEligibilityResponse.insurance.item.benefit.type.extension","","extensions
user content","",0,*,"","","","Extension {[]} {[]}
","Additional content defined by implementations","May be used to represent additional information that is not part of the basic definition of the element. To make the use of extensions safe and manageable, there is a strict set of governance  applied to the definition and use of extensions. Though any implementer can define an extension, there is a set of requirements that SHALL be met as part of the definition of the extension.","There can be no stigma associated with the use of extensions by any application, project, or standard - regardless of the institution or jurisdiction that uses or defines the extensions.  The use of extensions is what allows the FHIR specification to retain a core level of simplicity for everyone.","","","","","","","","",,,,,"","value:url}
","Extensions are always sliced by (at least) url",,"open","Element.extension",0,*,"","ele-1:All FHIR elements must have a @value or children {hasValue() or (children().count() > id.count())}
ext-1:Must have either extensions or value[x], not both {extension.exists() != value.exists()}","n/a"
"CoverageEligibilityResponse.insurance.item.benefit.type.coding","CoverageEligibilityResponse.insurance.item.benefit.type.coding","","","",0,*,"","","Y","Coding {[]} {[]}
","Code defined by a terminology system","Berisi data klasifikasi manfaat yang diberikan dengan tipe data Coding yang nilainya dapat mengacu pada contoh data terminologi Benefit Type Codes.","Codes may be defined very casually in enumerations, or code lists, up to very formal definitions such as SNOMED CT - see the HL7 v3 Core Principles for more information.  Ordering of codings is undefined and SHALL NOT be used to infer meaning. Generally, at most only one of the coding values will be labeled as UserSelected = true.","Allows for alternative encodings within a code system, and translations to other code systems.","","","","","","","",,,,,"",,,,"CodeableConcept.coding",0,*,"","ele-1:All FHIR elements must have a @value or children {hasValue() or (children().count() > id.count())}
","union(., ./translation)"
"CoverageEligibilityResponse.insurance.item.benefit.type.text","CoverageEligibilityResponse.insurance.item.benefit.type.text","","","",0,1,"","","Y","string {[]} {[]}
","Plain text representation of the concept","A human language representation of the concept as seen/selected/uttered by the user who entered the data and/or which represents the intended meaning of the user.","Very often the text is the same as a displayName of one of the codings.","The codes from the terminologies do not always capture the correct meaning with all the nuances of the human using them, or sometimes there is no appropriate code at all. In these cases, the text is used to capture the full meaning of the source.","","","","","","","",,,,,"",,,,"CodeableConcept.text",0,1,"","ele-1:All FHIR elements must have a @value or children {hasValue() or (children().count() > id.count())}
","./originalText[mediaType/code=""text/plain""]/data"
"CoverageEligibilityResponse.insurance.item.benefit.allowed[x]","CoverageEligibilityResponse.insurance.item.benefit.allowed[x]","","","",0,1,"","","","unsignedInt {[]} {[]}
string {[]} {[]}Money {[]} {[]}","Benefits allowed","Berisi data kuantitas manfaat yang diizinkan berdasarkan pertanggungan.","","Needed to convey the benefits offered under the coverage.","","","","","","","",,,,,"","type:$this}
","",,"closed","CoverageEligibilityResponse.insurance.item.benefit.allowed[x]",0,1,"","ele-1:All FHIR elements must have a @value or children {hasValue() or (children().count() > id.count())}
"
"CoverageEligibilityResponse.insurance.item.benefit.allowed[x]:allowedUnsignedInt","CoverageEligibilityResponse.insurance.item.benefit.allowed[x]","allowedUnsignedInt","","",0,1,"","","","unsignedInt {[]} {[]}
","Benefits allowed","Berisi data kuantitas manfaat yang diizinkan berdasarkan pertanggungan dengan tipe data unsignedInt.","","Needed to convey the benefits offered under the coverage.","","","","","","","",,,,,"",,,,"CoverageEligibilityResponse.insurance.item.benefit.allowed[x]",0,1,"","ele-1:All FHIR elements must have a @value or children {hasValue() or (children().count() > id.count())}
"
"CoverageEligibilityResponse.insurance.item.benefit.allowed[x]:allowedString","CoverageEligibilityResponse.insurance.item.benefit.allowed[x]","allowedString","","",0,1,"","","","string {[]} {[]}
","Benefits allowed","Berisi data kuantitas manfaat yang diizinkan berdasarkan pertanggungan dengan tipe data string.","","Needed to convey the benefits offered under the coverage.","","","","","","","",,,,,"",,,,"CoverageEligibilityResponse.insurance.item.benefit.allowed[x]",0,1,"","ele-1:All FHIR elements must have a @value or children {hasValue() or (children().count() > id.count())}
"
"CoverageEligibilityResponse.insurance.item.benefit.allowed[x]:allowedMoney","CoverageEligibilityResponse.insurance.item.benefit.allowed[x]","allowedMoney","","",0,1,"","","","Money {[]} {[]}
","Benefits allowed","Berisi data kuantitas manfaat yang diizinkan berdasarkan pertanggungan dengan tipe data Money.","","Needed to convey the benefits offered under the coverage.","","","","","","","",,,,,"",,,,"CoverageEligibilityResponse.insurance.item.benefit.allowed[x]",0,1,"","ele-1:All FHIR elements must have a @value or children {hasValue() or (children().count() > id.count())}
"
"CoverageEligibilityResponse.insurance.item.benefit.used[x]","CoverageEligibilityResponse.insurance.item.benefit.used[x]","","","",0,1,"","","","unsignedInt {[]} {[]}
string {[]} {[]}Money {[]} {[]}","Benefits used","Berisi data kuantitas manfaat yang telah dikonsumsi hingga saat ini.","","Needed to convey the benefits consumed to date.","","","","","","","",,,,,"","type:$this}
","",,"closed","CoverageEligibilityResponse.insurance.item.benefit.used[x]",0,1,"","ele-1:All FHIR elements must have a @value or children {hasValue() or (children().count() > id.count())}
"
"CoverageEligibilityResponse.insurance.item.benefit.used[x]:usedUnsignedInt","CoverageEligibilityResponse.insurance.item.benefit.used[x]","usedUnsignedInt","","",0,1,"","","","unsignedInt {[]} {[]}
","Benefits used","Berisi data kuantitas manfaat yang telah dikonsumsi hingga saat ini dengan tipe data unsignedInt.","","Needed to convey the benefits consumed to date.","","","","","","","",,,,,"",,,,"CoverageEligibilityResponse.insurance.item.benefit.used[x]",0,1,"","ele-1:All FHIR elements must have a @value or children {hasValue() or (children().count() > id.count())}
"
"CoverageEligibilityResponse.insurance.item.benefit.used[x]:usedString","CoverageEligibilityResponse.insurance.item.benefit.used[x]","usedString","","",0,1,"","","","string {[]} {[]}
","Benefits used","Berisi data kuantitas manfaat yang telah dikonsumsi hingga saat ini dengan tipe data string.","","Needed to convey the benefits consumed to date.","","","","","","","",,,,,"",,,,"CoverageEligibilityResponse.insurance.item.benefit.used[x]",0,1,"","ele-1:All FHIR elements must have a @value or children {hasValue() or (children().count() > id.count())}
"
"CoverageEligibilityResponse.insurance.item.benefit.used[x]:usedMoney","CoverageEligibilityResponse.insurance.item.benefit.used[x]","usedMoney","","",0,1,"","","","Money {[]} {[]}
","Benefits used","Berisi data kuantitas manfaat yang telah dikonsumsi hingga saat ini dengan tipe data Money.","","Needed to convey the benefits consumed to date.","","","","","","","",,,,,"",,,,"CoverageEligibilityResponse.insurance.item.benefit.used[x]",0,1,"","ele-1:All FHIR elements must have a @value or children {hasValue() or (children().count() > id.count())}
"
"CoverageEligibilityResponse.insurance.item.authorizationRequired","CoverageEligibilityResponse.insurance.item.authorizationRequired","","","",0,1,"","","","boolean {[]} {[]}
","Authorization required flag","Berisi data tanda boolean yang menunjukkan apakah praotorisasi diperlukan sebelum pengiriman layanan yang sebenarnya dengan tipe data boolean.","","Needed to convey that preauthorization is required.","","","","","","","",,,,,"",,,,"CoverageEligibilityResponse.insurance.item.authorizationRequired",0,1,"","ele-1:All FHIR elements must have a @value or children {hasValue() or (children().count() > id.count())}
"
"CoverageEligibilityResponse.insurance.item.authorizationSupporting","CoverageEligibilityResponse.insurance.item.authorizationSupporting","","","",0,*,"","","","CodeableConcept {[]} {[]}
","Type of required supporting materials","Berisi data kode atau komentar mengenai informasi atau tindakan yang terkait dengan praotorisasi dengan tipe data CodeableConcept.","","Needed to inform the provider of collateral materials or actions needed for preauthorization.","","","","","","","",,"example","Type of supporting information to provide with a preauthorization.","http://hl7.org/fhir/ValueSet/coverageeligibilityresponse-ex-auth-support|4.0.1","",,,,"CoverageEligibilityResponse.insurance.item.authorizationSupporting",0,*,"","ele-1:All FHIR elements must have a @value or children {hasValue() or (children().count() > id.count())}
"
"CoverageEligibilityResponse.insurance.item.authorizationSupporting.id","CoverageEligibilityResponse.insurance.item.authorizationSupporting.id","","","",0,1,"","","","string {[]} {[]}
","Unique id for inter-element referencing","Unique id for the element within a resource (for internal references). This may be any string value that does not contain spaces.","","","","","","","","","",,,,,"",,,,"Element.id",0,1,"","","n/a"
"CoverageEligibilityResponse.insurance.item.authorizationSupporting.extension","CoverageEligibilityResponse.insurance.item.authorizationSupporting.extension","","extensions
user content","",0,*,"","","","Extension {[]} {[]}
","Additional content defined by implementations","May be used to represent additional information that is not part of the basic definition of the element. To make the use of extensions safe and manageable, there is a strict set of governance  applied to the definition and use of extensions. Though any implementer can define an extension, there is a set of requirements that SHALL be met as part of the definition of the extension.","There can be no stigma associated with the use of extensions by any application, project, or standard - regardless of the institution or jurisdiction that uses or defines the extensions.  The use of extensions is what allows the FHIR specification to retain a core level of simplicity for everyone.","","","","","","","","",,,,,"","value:url}
","Extensions are always sliced by (at least) url",,"open","Element.extension",0,*,"","ele-1:All FHIR elements must have a @value or children {hasValue() or (children().count() > id.count())}
ext-1:Must have either extensions or value[x], not both {extension.exists() != value.exists()}","n/a"
"CoverageEligibilityResponse.insurance.item.authorizationSupporting.coding","CoverageEligibilityResponse.insurance.item.authorizationSupporting.coding","","","",0,*,"","","Y","Coding {[]} {[]}
","Code defined by a terminology system","Berisi data kode atau komentar mengenai informasi atau tindakan yang terkait dengan praotorisasi dengan tipe data Coding yang nilainya dapat mengacu pada contoh data terminologi CoverageEligibilityResponse Auth Support Codes.","Codes may be defined very casually in enumerations, or code lists, up to very formal definitions such as SNOMED CT - see the HL7 v3 Core Principles for more information.  Ordering of codings is undefined and SHALL NOT be used to infer meaning. Generally, at most only one of the coding values will be labeled as UserSelected = true.","Allows for alternative encodings within a code system, and translations to other code systems.","","","","","","","",,,,,"",,,,"CodeableConcept.coding",0,*,"","ele-1:All FHIR elements must have a @value or children {hasValue() or (children().count() > id.count())}
","union(., ./translation)"
"CoverageEligibilityResponse.insurance.item.authorizationSupporting.text","CoverageEligibilityResponse.insurance.item.authorizationSupporting.text","","","",0,1,"","","Y","string {[]} {[]}
","Plain text representation of the concept","A human language representation of the concept as seen/selected/uttered by the user who entered the data and/or which represents the intended meaning of the user.","Very often the text is the same as a displayName of one of the codings.","The codes from the terminologies do not always capture the correct meaning with all the nuances of the human using them, or sometimes there is no appropriate code at all. In these cases, the text is used to capture the full meaning of the source.","","","","","","","",,,,,"",,,,"CodeableConcept.text",0,1,"","ele-1:All FHIR elements must have a @value or children {hasValue() or (children().count() > id.count())}
","./originalText[mediaType/code=""text/plain""]/data"
"CoverageEligibilityResponse.insurance.item.authorizationUrl","CoverageEligibilityResponse.insurance.item.authorizationUrl","","","",0,1,"","","","uri {[]} {[]}
","Preauthorization requirements endpoint","Berisi data lokasi web untuk memperoleh persyaratan atau informasi deskriptif mengenai praotorisasi dengan tipe data uri.","","Needed to enable insurers to advise providers of informative information.","","","","","","","",,,,,"",,,,"CoverageEligibilityResponse.insurance.item.authorizationUrl",0,1,"","ele-1:All FHIR elements must have a @value or children {hasValue() or (children().count() > id.count())}
"
"CoverageEligibilityResponse.preAuthRef","CoverageEligibilityResponse.preAuthRef","","","",0,1,"","","","string {[]} {[]}
","Preauthorization reference","Berisi data referensi dari penanggung yang terkait dengan layanan untuk dikomunikasikan lebih lanjut dan sebagai bukti bahwa permintaan tersebut terjadi dengan tipe data string.","","To provide any preauthorization reference for provider use.","","","","","","","",,,,,"",,,,"CoverageEligibilityResponse.preAuthRef",0,1,"","ele-1:All FHIR elements must have a @value or children {hasValue() or (children().count() > id.count())}
","F03","23"
"CoverageEligibilityResponse.form","CoverageEligibilityResponse.form","","","",0,1,"","","","CodeableConcept {[]} {[]}
","Printed form identifier","Berisi data kode untuk formulir yang akan digunakan untuk mencetak konten dengan tipe data CodeableConcept.","May be needed to identify specific jurisdictional forms.","Needed to specify the specific form used for producing output for this response.","","","","","","","",,"example","The forms codes.","http://hl7.org/fhir/ValueSet/forms|4.0.1","",,,,"CoverageEligibilityResponse.form",0,1,"","ele-1:All FHIR elements must have a @value or children {hasValue() or (children().count() > id.count())}
","G42"
"CoverageEligibilityResponse.form.id","CoverageEligibilityResponse.form.id","","","",0,1,"","","","string {[]} {[]}
","Unique id for inter-element referencing","Unique id for the element within a resource (for internal references). This may be any string value that does not contain spaces.","","","","","","","","","",,,,,"",,,,"Element.id",0,1,"","","n/a"
"CoverageEligibilityResponse.form.extension","CoverageEligibilityResponse.form.extension","","extensions
user content","",0,*,"","","","Extension {[]} {[]}
","Additional content defined by implementations","May be used to represent additional information that is not part of the basic definition of the element. To make the use of extensions safe and manageable, there is a strict set of governance  applied to the definition and use of extensions. Though any implementer can define an extension, there is a set of requirements that SHALL be met as part of the definition of the extension.","There can be no stigma associated with the use of extensions by any application, project, or standard - regardless of the institution or jurisdiction that uses or defines the extensions.  The use of extensions is what allows the FHIR specification to retain a core level of simplicity for everyone.","","","","","","","","",,,,,"","value:url}
","Extensions are always sliced by (at least) url",,"open","Element.extension",0,*,"","ele-1:All FHIR elements must have a @value or children {hasValue() or (children().count() > id.count())}
ext-1:Must have either extensions or value[x], not both {extension.exists() != value.exists()}","n/a"
"CoverageEligibilityResponse.form.coding","CoverageEligibilityResponse.form.coding","","","",0,*,"","","Y","Coding {[]} {[]}
","Code defined by a terminology system","Berisi data kode untuk formulir yang akan digunakan untuk mencetak konten dengan tipe data Coding yang nilainya dapat mengacu pada contoh data terminologi Forms.","Codes may be defined very casually in enumerations, or code lists, up to very formal definitions such as SNOMED CT - see the HL7 v3 Core Principles for more information.  Ordering of codings is undefined and SHALL NOT be used to infer meaning. Generally, at most only one of the coding values will be labeled as UserSelected = true.","Allows for alternative encodings within a code system, and translations to other code systems.","","","","","","","",,,,,"",,,,"CodeableConcept.coding",0,*,"","ele-1:All FHIR elements must have a @value or children {hasValue() or (children().count() > id.count())}
","union(., ./translation)"
"CoverageEligibilityResponse.form.text","CoverageEligibilityResponse.form.text","","","",0,1,"","","Y","string {[]} {[]}
","Plain text representation of the concept","A human language representation of the concept as seen/selected/uttered by the user who entered the data and/or which represents the intended meaning of the user.","Very often the text is the same as a displayName of one of the codings.","The codes from the terminologies do not always capture the correct meaning with all the nuances of the human using them, or sometimes there is no appropriate code at all. In these cases, the text is used to capture the full meaning of the source.","","","","","","","",,,,,"",,,,"CodeableConcept.text",0,1,"","ele-1:All FHIR elements must have a @value or children {hasValue() or (children().count() > id.count())}
","./originalText[mediaType/code=""text/plain""]/data"
"CoverageEligibilityResponse.error","CoverageEligibilityResponse.error","","","",0,*,"","","","BackboneElement {[]} {[]}
","Processing errors","Berisi data kesalahan yang ditemui selama pemrosesan permintaan dengan tipe data BackboneElement.","","Need to communicate processing issues to the requestor.","","","","","","","",,,,,"",,,,"CoverageEligibilityResponse.error",0,*,"","ele-1:All FHIR elements must have a @value or children {hasValue() or (children().count() > id.count())}
"
"CoverageEligibilityResponse.error.id","CoverageEligibilityResponse.error.id","","","",0,1,"","","","string {[]} {[]}
","Unique id for inter-element referencing","Unique id for the element within a resource (for internal references). This may be any string value that does not contain spaces.","","","","","","","","","",,,,,"",,,,"Element.id",0,1,"","","n/a"
"CoverageEligibilityResponse.error.extension","CoverageEligibilityResponse.error.extension","","extensions
user content","",0,*,"","","","Extension {[]} {[]}
","Additional content defined by implementations","May be used to represent additional information that is not part of the basic definition of the element. To make the use of extensions safe and manageable, there is a strict set of governance  applied to the definition and use of extensions. Though any implementer can define an extension, there is a set of requirements that SHALL be met as part of the definition of the extension.","There can be no stigma associated with the use of extensions by any application, project, or standard - regardless of the institution or jurisdiction that uses or defines the extensions.  The use of extensions is what allows the FHIR specification to retain a core level of simplicity for everyone.","","","","","","","","",,,,,"",,,,"Element.extension",0,*,"","ele-1:All FHIR elements must have a @value or children {hasValue() or (children().count() > id.count())}
ext-1:Must have either extensions or value[x], not both {extension.exists() != value.exists()}","n/a"
"CoverageEligibilityResponse.error.modifierExtension","CoverageEligibilityResponse.error.modifierExtension","","extensions
user contentmodifiers","",0,*,"","Y","Y","Extension {[]} {[]}
","Extensions that cannot be ignored even if unrecognized","May be used to represent additional information that is not part of the basic definition of the element and that modifies the understanding of the element in which it is contained and/or the understanding of the containing element's descendants. Usually modifier elements provide negation or qualification. To make the use of extensions safe and manageable, there is a strict set of governance applied to the definition and use of extensions. Though any implementer can define an extension, there is a set of requirements that SHALL be met as part of the definition of the extension. Applications processing a resource are required to check for modifier extensions.

Modifier extensions SHALL NOT change the meaning of any elements on Resource or DomainResource (including cannot change the meaning of modifierExtension itself).","There can be no stigma associated with the use of extensions by any application, project, or standard - regardless of the institution or jurisdiction that uses or defines the extensions.  The use of extensions is what allows the FHIR specification to retain a core level of simplicity for everyone.","Modifier extensions allow for extensions that *cannot* be safely ignored to be clearly distinguished from the vast majority of extensions which can be safely ignored.  This promotes interoperability by eliminating the need for implementers to prohibit the presence of extensions. For further information, see the [definition of modifier extensions](http://hl7.org/fhir/R4/extensibility.html#modifierExtension).","","","","","","","",,,,,"",,,,"BackboneElement.modifierExtension",0,*,"","ele-1:All FHIR elements must have a @value or children {hasValue() or (children().count() > id.count())}
ext-1:Must have either extensions or value[x], not both {extension.exists() != value.exists()}","N/A"
"CoverageEligibilityResponse.error.code","CoverageEligibilityResponse.error.code","","","",1,1,"","","","CodeableConcept {[]} {[]}
","Error code detailing processing issues","Berisi data kode kesalahan, dari sistem kode tertentu, yang merinci mengapa pemeriksaan kelayakan tidak dapat dilakukan dengan tipe data CodeableConcept.","","Required to convey processing errors.","","","","","","","",,"example","The error codes for adjudication processing.","http://hl7.org/fhir/ValueSet/adjudication-error|4.0.1","",,,,"CoverageEligibilityResponse.error.code",1,1,"","ele-1:All FHIR elements must have a @value or children {hasValue() or (children().count() > id.count())}
"
"CoverageEligibilityResponse.error.code.id","CoverageEligibilityResponse.error.code.id","","","",0,1,"","","","string {[]} {[]}
","Unique id for inter-element referencing","Unique id for the element within a resource (for internal references). This may be any string value that does not contain spaces.","","","","","","","","","",,,,,"",,,,"Element.id",0,1,"","","n/a"
"CoverageEligibilityResponse.error.code.extension","CoverageEligibilityResponse.error.code.extension","","extensions
user content","",0,*,"","","","Extension {[]} {[]}
","Additional content defined by implementations","May be used to represent additional information that is not part of the basic definition of the element. To make the use of extensions safe and manageable, there is a strict set of governance  applied to the definition and use of extensions. Though any implementer can define an extension, there is a set of requirements that SHALL be met as part of the definition of the extension.","There can be no stigma associated with the use of extensions by any application, project, or standard - regardless of the institution or jurisdiction that uses or defines the extensions.  The use of extensions is what allows the FHIR specification to retain a core level of simplicity for everyone.","","","","","","","","",,,,,"","value:url}
","Extensions are always sliced by (at least) url",,"open","Element.extension",0,*,"","ele-1:All FHIR elements must have a @value or children {hasValue() or (children().count() > id.count())}
ext-1:Must have either extensions or value[x], not both {extension.exists() != value.exists()}","n/a"
"CoverageEligibilityResponse.error.code.coding","CoverageEligibilityResponse.error.code.coding","","","",0,*,"","","Y","Coding {[]} {[]}
","Code defined by a terminology system","Berisi data kode kesalahan, dari sistem kode tertentu, yang merinci mengapa pemeriksaan kelayakan tidak dapat dilakukan dengan tipe data Coding yang nilainya dapat mengacu pada contoh data terminologi AdjudicationError.","Codes may be defined very casually in enumerations, or code lists, up to very formal definitions such as SNOMED CT - see the HL7 v3 Core Principles for more information.  Ordering of codings is undefined and SHALL NOT be used to infer meaning. Generally, at most only one of the coding values will be labeled as UserSelected = true.","Allows for alternative encodings within a code system, and translations to other code systems.","","","","","","","",,,,,"",,,,"CodeableConcept.coding",0,*,"","ele-1:All FHIR elements must have a @value or children {hasValue() or (children().count() > id.count())}
","union(., ./translation)"
"CoverageEligibilityResponse.error.code.text","CoverageEligibilityResponse.error.code.text","","","",0,1,"","","Y","string {[]} {[]}
","Plain text representation of the concept","A human language representation of the concept as seen/selected/uttered by the user who entered the data and/or which represents the intended meaning of the user.","Very often the text is the same as a displayName of one of the codings.","The codes from the terminologies do not always capture the correct meaning with all the nuances of the human using them, or sometimes there is no appropriate code at all. In these cases, the text is used to capture the full meaning of the source.","","","","","","","",,,,,"",,,,"CodeableConcept.text",0,1,"","ele-1:All FHIR elements must have a @value or children {hasValue() or (children().count() > id.count())}
","./originalText[mediaType/code=""text/plain""]/data"
