"Id","Path","Slice Name","Alias(s)","Label","Min","Max","Must Support?","Is Modifier?","Is Summary?","Type(s)","Short","Definition","Comments","Requirements","Default Value","Meaning When Missing","Fixed Value","Pattern","Example","Minimum Value","Maximum Value","Maximum Length","Binding Strength","Binding Description","Binding Value Set","Code","Slicing Discriminator","Slicing Description","Slicing Ordered","Slicing Rules","Base Path","Base Min","Base Max","Condition(s)","Constraint(s)","Mapping: Workflow Pattern","Mapping: RIM Mapping","Mapping: FiveWs Pattern Mapping","Mapping: HL7 v2 Mapping"
"Task","Task","","","",0,*,"","","","null {[]} {[]}
","A task to be performed","A task to be performed.","","","","","","","","","",,,,,"",,,,"Task",0,*,"","dom-2:If the resource is contained in another resource, it SHALL NOT contain nested Resources {contained.contained.empty()}
dom-3:If the resource is contained in another resource, it SHALL be referred to from elsewhere in the resource or SHALL refer to the containing resource {contained.where((('#'+id in (%resource.descendants().reference | %resource.descendants().as(canonical) | %resource.descendants().as(uri) | %resource.descendants().as(url))) or descendants().where(reference = '#').exists() or descendants().where(as(canonical) = '#').exists() or descendants().where(as(canonical) = '#').exists()).not()).trace('unmatched', id).empty()}dom-4:If a resource is contained in another resource, it SHALL NOT have a meta.versionId or a meta.lastUpdated {contained.meta.versionId.empty() and contained.meta.lastUpdated.empty()}dom-5:If a resource is contained in another resource, it SHALL NOT have a security label {contained.meta.security.empty()}dom-6:A resource should have narrative for robust management {text.`div`.exists()}inv-1:Last modified date must be greater than or equal to authored-on date. {lastModified.exists().not() or authoredOn.exists().not() or lastModified >= authoredOn}","Request, Event","Entity. Role, or Act","ControlAct[moodCode=INT]"
"Task.id","Task.id","","","",0,1,"","","Y","id {[]} {[]}
","Logical id of this artifact","The logical id of the resource, as used in the URL for the resource. Once assigned, this value never changes.","The only time that a resource does not have an id is when it is being submitted to the server using a create operation.","","","","","","","","",,,,,"",,,,"Resource.id",0,1,"",""
"Task.meta","Task.meta","","","",0,1,"","","Y","Meta {[]} {[]}
","Metadata about the resource","The metadata about the resource. This is content that is maintained by the infrastructure. Changes to the content might not always be associated with version changes to the resource.","","","","","","","","","",,,,,"",,,,"Resource.meta",0,1,"","ele-1:All FHIR elements must have a @value or children {hasValue() or (children().count() > id.count())}
"
"Task.implicitRules","Task.implicitRules","","","",0,1,"","Y","Y","uri {[]} {[]}
","A set of rules under which this content was created","A reference to a set of rules that were followed when the resource was constructed, and which must be understood when processing the content. Often, this is a reference to an implementation guide that defines the special rules along with other profiles etc.","Asserting this rule set restricts the content to be only understood by a limited set of trading partners. This inherently limits the usefulness of the data in the long term. However, the existing health eco-system is highly fractured, and not yet ready to define, collect, and exchange data in a generally computable sense. Wherever possible, implementers and/or specification writers should avoid using this element. Often, when used, the URL is a reference to an implementation guide that defines these special rules as part of it's narrative along with other profiles, value sets, etc.","","","","","","","","",,,,,"",,,,"Resource.implicitRules",0,1,"","ele-1:All FHIR elements must have a @value or children {hasValue() or (children().count() > id.count())}
"
"Task.language","Task.language","","","",0,1,"","","","code {[]} {[]}
","Language of the resource content","The base language in which the resource is written.","Language is provided to support indexing and accessibility (typically, services such as text to speech use the language tag). The html language tag in the narrative applies  to the narrative. The language tag on the resource may be used to specify the language of other presentations generated from the data in the resource. Not all the content has to be in the base language. The Resource.language should not be assumed to apply to the narrative automatically. If a language is specified, it should it also be specified on the div element in the html (see rules in HTML5 for information about the relationship between xml:lang and the html lang attribute).","","","","","","","","",,"preferred","A human language.","http://hl7.org/fhir/ValueSet/languages|4.0.1","",,,,"Resource.language",0,1,"","ele-1:All FHIR elements must have a @value or children {hasValue() or (children().count() > id.count())}
"
"Task.text","Task.text","","narrative
htmlxhtmldisplay","",0,1,"","","","Narrative {[]} {[]}
","Text summary of the resource, for human interpretation","A human-readable narrative that contains a summary of the resource and can be used to represent the content of the resource to a human. The narrative need not encode all the structured data, but is required to contain sufficient detail to make it ""clinically safe"" for a human to just read the narrative. Resource definitions may define what content should be represented in the narrative to ensure clinical safety.","Contained resources do not have narrative. Resources that are not contained SHOULD have a narrative. In some cases, a resource may only have text with little or no additional discrete data (as long as all minOccurs=1 elements are satisfied).  This may be necessary for data from legacy systems where information is captured as a ""text blob"" or where text is additionally entered raw or narrated and encoded information is added later.","","","","","","","","",,,,,"",,,,"DomainResource.text",0,1,"","ele-1:All FHIR elements must have a @value or children {hasValue() or (children().count() > id.count())}
","Act.text?"
"Task.contained","Task.contained","","inline resources
anonymous resourcescontained resources","",0,*,"","","","Resource {[]} {[]}
","Contained, inline Resources","These resources do not have an independent existence apart from the resource that contains them - they cannot be identified independently, and nor can they have their own independent transaction scope.","This should never be done when the content can be identified properly, as once identification is lost, it is extremely difficult (and context dependent) to restore it again. Contained resources may have profiles and tags In their meta elements, but SHALL NOT have security labels.","","","","","","","","",,,,,"",,,,"DomainResource.contained",0,*,"","","N/A"
"Task.extension","Task.extension","","extensions
user content","",0,*,"","","","Extension {[]} {[]}
","Additional content defined by implementations","May be used to represent additional information that is not part of the basic definition of the resource. To make the use of extensions safe and manageable, there is a strict set of governance  applied to the definition and use of extensions. Though any implementer can define an extension, there is a set of requirements that SHALL be met as part of the definition of the extension.","There can be no stigma associated with the use of extensions by any application, project, or standard - regardless of the institution or jurisdiction that uses or defines the extensions.  The use of extensions is what allows the FHIR specification to retain a core level of simplicity for everyone.","","","","","","","","",,,,,"",,,,"DomainResource.extension",0,*,"","ele-1:All FHIR elements must have a @value or children {hasValue() or (children().count() > id.count())}
ext-1:Must have either extensions or value[x], not both {extension.exists() != value.exists()}","N/A"
"Task.modifierExtension","Task.modifierExtension","","extensions
user content","",0,*,"","Y","","Extension {[]} {[]}
","Extensions that cannot be ignored","May be used to represent additional information that is not part of the basic definition of the resource and that modifies the understanding of the element that contains it and/or the understanding of the containing element's descendants. Usually modifier elements provide negation or qualification. To make the use of extensions safe and manageable, there is a strict set of governance applied to the definition and use of extensions. Though any implementer is allowed to define an extension, there is a set of requirements that SHALL be met as part of the definition of the extension. Applications processing a resource are required to check for modifier extensions.

Modifier extensions SHALL NOT change the meaning of any elements on Resource or DomainResource (including cannot change the meaning of modifierExtension itself).","There can be no stigma associated with the use of extensions by any application, project, or standard - regardless of the institution or jurisdiction that uses or defines the extensions.  The use of extensions is what allows the FHIR specification to retain a core level of simplicity for everyone.","Modifier extensions allow for extensions that *cannot* be safely ignored to be clearly distinguished from the vast majority of extensions which can be safely ignored.  This promotes interoperability by eliminating the need for implementers to prohibit the presence of extensions. For further information, see the [definition of modifier extensions](http://hl7.org/fhir/R4/extensibility.html#modifierExtension).","","","","","","","",,,,,"",,,,"DomainResource.modifierExtension",0,*,"","ele-1:All FHIR elements must have a @value or children {hasValue() or (children().count() > id.count())}
ext-1:Must have either extensions or value[x], not both {extension.exists() != value.exists()}","N/A"
"Task.identifier","Task.identifier","","","",0,*,"","","","Identifier {[]} {[]}
","Task Instance Identifier","Berisi satu atau lebih daftar data mengenai ID unik untuk suatu Task. Ini adalah ID yang diberikan sebagai identifikasi Task yang setiap datanya direpresentasikan dengan tipe data Identifier.","","","","","","","","","",,,,,"",,,,"Task.identifier",0,*,"","ele-1:All FHIR elements must have a @value or children {hasValue() or (children().count() > id.count())}
","Request.identifier, Event.identifier",".id","FiveWs.identifier"
"Task.instantiatesCanonical","Task.instantiatesCanonical","","","",0,1,"","","Y","canonical {[]} {[CanonicalType[http://hl7.org/fhir/StructureDefinition/ActivityDefinition|4.0.1]]}
","Formal definition of task","Berisi data uri yang menunjuk ke protokol, pedoman, kuesioner, atau definisi lain yang ditetapkan FHIR yang dipatuhi seluruhnya atau sebagian oleh Task ini dengan tipe data canonical (ActivityDefinition).","","Enables a formal definition of how he task is to be performed, enabling automation.","","","","","","","",,,,,"",,,,"Task.instantiatesCanonical",0,1,"","ele-1:All FHIR elements must have a @value or children {hasValue() or (children().count() > id.count())}
","Request.instantiatesCanonical, Event.instantiatesCanonical",".outboundRelationship[typeCode=DEFN].target"
"Task.instantiatesUri","Task.instantiatesUri","","","",0,1,"","","Y","uri {[]} {[]}
","Formal definition of task","Berisi data uri yang menunjuk ke protokol, panduan, kuesioner, atau definisi lain yang dikelola secara eksternal yang dipatuhi seluruhnya atau sebagian oleh Task ini dengan tipe data uri.","","Enables a formal definition of how he task is to be performed (e.g. using BPMN, BPEL, XPDL or other formal notation to be associated with a task), enabling automation.","","","","","","","",,,,,"",,,,"Task.instantiatesUri",0,1,"","ele-1:All FHIR elements must have a @value or children {hasValue() or (children().count() > id.count())}
","Event.instantiatesUrl",".outboundRelationship[typeCode=DEFN].target"
"Task.basedOn","Task.basedOn","","","",0,*,"","","Y","Reference {[]} {[CanonicalType[http://hl7.org/fhir/StructureDefinition/Resource|4.0.1]]}
","Request fulfilled by this task","Berisi data permintaan yang dipenuhi oleh Task ini dengan tipe data Reference. BasedOn merujuk pada otorisasi tingkat tinggi yang memicu pembuatan Task. Ini merujuk pada resource 'request' seperti ServiceRequest, MedicationRequest, ServiceRequest, CarePlan, dll; yang berbeda dari resource 'request' yang ingin dipenuhi Task nya.","","","","","","","","","",,,,,"",,,,"Task.basedOn",0,*,"","ele-1:All FHIR elements must have a @value or children {hasValue() or (children().count() > id.count())}
","Request.basedOn, Event.basedOn",".outboundRelationship[typeCode=FLFS].target[moodCode=INT]"
"Task.groupIdentifier","Task.groupIdentifier","","","",0,1,"","","Y","Identifier {[]} {[]}
","Requisition or grouper id","Berisi data mengenai ID yang menghubungkan beberapa Task dan permintaan lain yang dibuat dalam konteks yang sama dan direpresentasikan dengan tipe data Identifier.","","Billing and/or reporting can be linked to whether multiple requests were created as a single unit.","","","","","","","",,,,,"",,,,"Task.groupIdentifier",0,1,"","ele-1:All FHIR elements must have a @value or children {hasValue() or (children().count() > id.count())}
","Request.groupIdentifier",".inboundRelationship[typeCode=COMP].source[moodCode=INT].id"
"Task.partOf","Task.partOf","","","",0,*,"","","Y","Reference {[]} {[CanonicalType[http://hl7.org/fhir/StructureDefinition/Task|4.0.1]]}
","Composite task","Berisi data Task yang lebih besar di mana memungkinkan Task dipecah menjadi sub-langkah dan pembagiannya dapat terjadi secara independen dari Task aslinya dengan tipe data Reference, yang direferensikan ke data yang tersimpan di resource Task.","This should usually be 0..1.","Allows tasks to be broken down into sub-steps (and this division can occur independent of the original task).","","","","","","","",,,,,"",,,,"Task.partOf",0,*,"","ele-1:All FHIR elements must have a @value or children {hasValue() or (children().count() > id.count())}
","Event.partOf",".inboundRelationship[typeCode=COMP].source[moodCode=INT]"
"Task.status","Task.status","","","",1,1,"","Y","Y","code {[]} {[]}
","draft | requested | received | accepted | +","Berisi data yang menunjukkan status Task saat ini dengan tipe data code yang nilainya mengacu pada data terminologi TaskStatus (http://hl7.org/fhir/task-status)","","These states enable coordination of task status with off-the-shelf workflow solutions that support automation of tasks.","","","","","","","",,"required","The current status of the task.","http://hl7.org/fhir/ValueSet/task-status|4.0.1","",,,,"Task.status",1,1,"","ele-1:All FHIR elements must have a @value or children {hasValue() or (children().count() > id.count())}
","Request.status, Event.status",".statusCode","FiveWs.status"
"Task.statusReason","Task.statusReason","","","",0,1,"","","Y","CodeableConcept {[]} {[]}
","Reason for current status","Berisi data yang menjelaskan mengapa suatu Task dilakukan, gagal, atau ditolak dengan tipe data CodeableConcept.","This applies to the current status.  Look at the history of the task to see reasons for past statuses.","","","","","","","","",,"example","Codes to identify the reason for current status.  These will typically be specific to a particular workflow.","","",,,,"Task.statusReason",0,1,"","ele-1:All FHIR elements must have a @value or children {hasValue() or (children().count() > id.count())}
",".inboundRelationship[typeCode=SUBJ].source[classCode=CACT, moodCode=EVN, code=""status change""].reasonCode"
"Task.businessStatus","Task.businessStatus","","","",0,1,"","","Y","CodeableConcept {[]} {[]}
","E.g. ""Specimen collected"", ""IV prepped""","Berisi data yang mencakup nuansa spesifik bisnis dari keadaan bisnis tersebut dengan tipe data CodeableConcept.","","There's often a need to track substates of a task - this is often variable by specific workflow implementation.","","","","","","","",,"example","The domain-specific business-contextual sub-state of the task.  For example: ""Blood drawn"", ""IV inserted"", ""Awaiting physician signature"", etc.","","",,,,"Task.businessStatus",0,1,"","ele-1:All FHIR elements must have a @value or children {hasValue() or (children().count() > id.count())}
",".inboundRelationship[typeCode=SUBJ].source[classCode=OBS, moodCode=EVN, code=""business status""]"
"Task.intent","Task.intent","","","",1,1,"","","Y","code {[]} {[]}
","unknown | proposal | plan | order | original-order | reflex-order | filler-order | instance-order | option","Berisi data yang menunjukkan tingkat kelayakan yang terkait dengan Task, seperti apakah Task termasuk ke dalam tugas yang diusulkan, tugas yang direncanakan, tugas yang dapat dilaksanakan, dan sebagainya dengan tipe data code yang nilainya mengacu pada data terminologi TaskIntent (http://hl7.org/fhir/task-intent atau http://hl7.org/fhir/request-intent).","This element is immutable.  Proposed tasks, planned tasks, etc. must be distinct instances.

In most cases, Tasks will have an intent of ""order"".","","","","","","","","",,"required","Distinguishes whether the task is a proposal, plan or full order.","http://hl7.org/fhir/ValueSet/task-intent|4.0.1","",,,,"Task.intent",1,1,"","ele-1:All FHIR elements must have a @value or children {hasValue() or (children().count() > id.count())}
","Request.intent",".moodCode","FiveWs.class"
"Task.priority","Task.priority","","","",0,1,"","","","code {[]} {[]}
","routine | urgent | asap | stat","Berisi data yang menunjukkan seberapa cepat Task harus ditangani dibandingkan dengan permintaan lainnya dengan tipe data code yang nilainya mengacu pada data terminologi Request priority (http://hl7.org/fhir/request-priority).","","Used to identify the service level expected while performing a task.","","If missing, this task should be performed with normal priority","","","","","",,"required","The task's priority.","http://hl7.org/fhir/ValueSet/request-priority|4.0.1","",,,,"Task.priority",0,1,"","ele-1:All FHIR elements must have a @value or children {hasValue() or (children().count() > id.count())}
","Request.priority",".priorityCode","FiveWs.grade"
"Task.code","Task.code","","","",0,1,"","","Y","CodeableConcept {[]} {[]}
","Task Type","Berisi data yang dapat mencakup nama atau kode (atau keduanya) yang secara singkat menggambarkan Task tersebut dengan tipe data CodeableConcept yang contoh nilainya dapat mengacu pada data terminologi Task Codes (http://hl7.org/fhir/CodeSystem/task-code).","The title (eg ""My Tasks"", ""Outstanding Tasks for Patient X"") should go into the code.","","","","","","","","",,"example","Codes to identify what the task involves.  These will typically be specific to a particular workflow.","http://hl7.org/fhir/ValueSet/task-code|4.0.1","",,,,"Task.code",0,1,"","ele-1:All FHIR elements must have a @value or children {hasValue() or (children().count() > id.count())}
","Request.code, Event.code",".code","FiveWs.what[x]"
"Task.description","Task.description","","","",0,1,"","","Y","string {[]} {[]}
","Human-readable explanation of task","Berisi deskripsi teks bebas tentang apa yang harus dilakukan dalam Task dengan tipe data string.","","","","","","","","","",,,,,"",,,,"Task.description",0,1,"","ele-1:All FHIR elements must have a @value or children {hasValue() or (children().count() > id.count())}
",".text"
"Task.focus","Task.focus","","","",0,1,"","","Y","Reference {[]} {[CanonicalType[http://hl7.org/fhir/StructureDefinition/Resource|4.0.1]]}
","What task is acting on","Berisi data permintaan yang sedang dilaksanakan atau sumber daya yang sedang diproses oleh Task ini dengan tipe data Reference, yang direferensikan ke data yang tersimpan di semua resource yang ada di FHIR.","If multiple resources need to be manipulated, use sub-tasks.  (This ensures that status can be tracked independently for each referenced resource.).","Used to identify the thing to be done.","","","","","","","",,,,,"",,,,"Task.focus",0,1,"","ele-1:All FHIR elements must have a @value or children {hasValue() or (children().count() > id.count())}
",".outboundRelationship[typeCode=SUBJ].target","FiveWs.what[x]"
"Task.for","Task.for","","Patient
","",0,1,"","","Y","Reference {[]} {[CanonicalType[http://hl7.org/fhir/StructureDefinition/Resource|4.0.1]]}
","Beneficiary of the Task","Berisi data entitas yang mendapatkan manfaat dari pelaksanaan layanan yang tercantum dalam Task tersebut (misalnya, pasien) dengan tipe data Reference, yang direferensikan ke data yang tersimpan di semua resource yang ada di FHIR.","","Used to track tasks outstanding for a beneficiary.  Do not use to track the task owner or creator (see owner and creator respectively).  This can also affect access control.","","","","","","","",,,,,"",,,,"Task.for",0,1,"","ele-1:All FHIR elements must have a @value or children {hasValue() or (children().count() > id.count())}
","Request.subject, Event.subject",".participation[typeCode=RCT].role","FiveWs.subject[x]","FiveWs.subject"
"Task.encounter","Task.encounter","","","",1,1,"","","Y","Reference {[]} {[CanonicalType[http://hl7.org/fhir/StructureDefinition/Encounter|4.0.1]]}
","Healthcare event during which this task originated","Berisi data data kunjungan dimana Task ini dibuat dengan tipe data Reference, yang direferensikan ke data yang tersimpan di resource Encounter, yang nilainya memiliki format: 'Encounter/{id-resource-Encounter}' Dimana isi dari parameter {id-resource-Encounter} adalah ID Encounter yang didapatkan dari server.","","For some tasks it may be important to know the link between the encounter the task originated within.","","","","","","","",,,,,"",,,,"Task.encounter",0,1,"","ele-1:All FHIR elements must have a @value or children {hasValue() or (children().count() > id.count())}
","Request.context, Event.context",".inboundRelationship[typeCode=COMP].source[classCode=PCPR, moodCode=EVN]","FiveWs.context"
"Task.executionPeriod","Task.executionPeriod","","","",0,1,"","","Y","Period {[]} {[]}
","Start and end time of execution","Berisi data yang mengidentifikasi waktu tindakan pertama kali diambil terhadap Task (awal) dan/atau waktu tindakan terakhir diambil terhadap Task sebelum menandainya sebagai selesai (akhir) dengan tipe data Period.","","","","","","","","","",,,,,"",,,,"Task.executionPeriod",0,1,"","ele-1:All FHIR elements must have a @value or children {hasValue() or (children().count() > id.count())}
","Event.occurrence[x]",".effectiveTime","FiveWs.done[x]"
"Task.authoredOn","Task.authoredOn","","Created Date
","",0,1,"","","","dateTime {[]} {[]}
","Task Creation Date","Berisi tanggal dan waktu Task dibuat dengan tipe data dateTime, dengan format yang diperbolehkan YYYY-MM-DDThh:mm:ss+zz:zz.","","Most often used along with lastUpdated to track duration of task to supporting monitoring and management.","","","","","","","",,,,,"",,,,"Task.authoredOn",0,1,"inv-1
","ele-1:All FHIR elements must have a @value or children {hasValue() or (children().count() > id.count())}
","Request.authoredOn",".participation[typeCode=AUT].time","FiveWs.recorded"
"Task.lastModified","Task.lastModified","","Update Date
","",0,1,"","","Y","dateTime {[]} {[]}
","Task Last Modified Date","Berisi tanggal dan waktu modifikasi terakhir pada Task dengan tipe data dateTime, dengan format yang diperbolehkan YYYY-MM-DDThh:mm:ss+zz:zz.","","Used along with history to track task activity and time in a particular task state.  This enables monitoring and management.","","","","","","","",,,,,"",,,,"Task.lastModified",0,1,"inv-1
","ele-1:All FHIR elements must have a @value or children {hasValue() or (children().count() > id.count())}
",".inboundRelationship[typeCode=SUBJ, ].source[classCode=CACT, moodCode=EVN].effectiveTime"
"Task.requester","Task.requester","","","",0,1,"","","Y","Reference {[]} {[CanonicalType[http://hl7.org/fhir/StructureDefinition/Device|4.0.1], CanonicalType[http://hl7.org/fhir/StructureDefinition/Organization|4.0.1], CanonicalType[http://hl7.org/fhir/StructureDefinition/Patient|4.0.1], CanonicalType[http://hl7.org/fhir/StructureDefinition/Practitioner|4.0.1], CanonicalType[http://hl7.org/fhir/StructureDefinition/PractitionerRole|4.0.1], CanonicalType[http://hl7.org/fhir/StructureDefinition/RelatedPerson|4.0.1]]}
","Who is asking for task to be done","Berisi data siapa yang membuat Task dengan tipe data Reference, yang direferensikan ke data yang tersimpan di resource Device | Organization | Patient | Practitioner | PractitionerRole | RelatedPerson, yang nilainya memiliki format: 'Practitioner/{practitioner-ihs-number}' Dimana isi dari parameter {practitioner-ihs-number} adalah ID Nakes yang didapatkan dari master practitioner indeks.","","Identifies who created this task.  May be used by access control mechanisms (e.g., to ensure that only the creator can cancel a task).","","","","","","","",,,,,"",,,,"Task.requester",0,1,"","ele-1:All FHIR elements must have a @value or children {hasValue() or (children().count() > id.count())}
","Request.requester",".participation[typeCode=AUT].role","FiveWs.author"
"Task.performerType","Task.performerType","","","",0,*,"","","","CodeableConcept {[]} {[]}
","Requested performer","Berisi satu atau lebih jenis peserta yang seharusnya melaksanakan Task tersebut dengan tipe data CodeableConcept yang nilainya dapat mengacu pada data terminologi SNOMED-CT yang terdapat pada Procedure Performer Role Codes (http://hl7.org/fhir/ValueSet/performer-role .","","Use to distinguish tasks on different activity queues.","","","","","","","",,"preferred","The type(s) of task performers allowed.","http://hl7.org/fhir/ValueSet/performer-role|4.0.1","",,,,"Task.performerType",0,*,"","ele-1:All FHIR elements must have a @value or children {hasValue() or (children().count() > id.count())}
","Event.performer.role, Request.performerType",".participation[typeCode=PRF].role.code","FiveWs.actor"
"Task.owner","Task.owner","","Performer
Executer","",0,1,"","","Y","Reference {[]} {[CanonicalType[http://hl7.org/fhir/StructureDefinition/Practitioner|4.0.1], CanonicalType[http://hl7.org/fhir/StructureDefinition/PractitionerRole|4.0.1], CanonicalType[http://hl7.org/fhir/StructureDefinition/Organization|4.0.1], CanonicalType[http://hl7.org/fhir/StructureDefinition/CareTeam|4.0.1], CanonicalType[http://hl7.org/fhir/StructureDefinition/HealthcareService|4.0.1], CanonicalType[http://hl7.org/fhir/StructureDefinition/Patient|4.0.1], CanonicalType[http://hl7.org/fhir/StructureDefinition/Device|4.0.1], CanonicalType[http://hl7.org/fhir/StructureDefinition/RelatedPerson|4.0.1]]}
","Responsible individual","Berisi data individu, organisasi, atau perangkat yang saat ini bertanggung jawab atas pelaksanaan Task tersebut dengan tipe data Reference, yang direferensikan ke data yang tersimpan di resource Practitioner | PractitionerRole | Organization | CareTeam | HealthcareService | Patient | Device | RelatedPerson, yang nilainya memiliki format: 'Practitioner/{practitioner-ihs-number}' Dimana isi dari parameter {practitioner-ihs-number} adalah ID Nakes yang didapatkan dari master practitioner indeks.","Tasks may be created with an owner not yet identified.","Identifies who is expected to perform this task.","","","","","","","",,,,,"",,,,"Task.owner",0,1,"","ele-1:All FHIR elements must have a @value or children {hasValue() or (children().count() > id.count())}
","Event.performer.actor, Request.performer",".participation[typeCode=PRF].role","FiveWs.actor"
"Task.location","Task.location","","","",0,1,"","","Y","Reference {[]} {[CanonicalType[http://hl7.org/fhir/StructureDefinition/Location|4.0.1]]}
","Where task occurs","Berisi data informasi lokasi fisik utama tempat Task ini dilaksanakan dengan tipe data Reference, yang direferensikan ke data yang tersimpan di resource Location, yang nilainya memiliki format: 'Location/{Id-resource-Location}' Dimana isi dari parameter {Id-resource-Location} adalah ID Location yang didapatkan dari server.","","Ties the event to where the records are likely kept and provides context around the event occurrence (e.g. if it occurred inside or outside a dedicated healthcare setting).","","","","","","","",,,,,"",,,,"Task.location",0,1,"","ele-1:All FHIR elements must have a @value or children {hasValue() or (children().count() > id.count())}
","Request.reasonCode, Event.reasonCode",".participation[typeCode=LOC].role","FiveWs.where[x]"
"Task.reasonCode","Task.reasonCode","","","",0,1,"","","","CodeableConcept {[]} {[]}
","Why task is needed","Berisi data yang menunjukkan mengapa Task ini perlu dilaksanakan dalam bentuk kode atau teks dengan tipe data CodeableConcept.","This should only be included if there is no focus or if it differs from the reason indicated on the focus.","","","","","","","","",,"example","Indicates why the task is needed.  E.g. Suspended because patient admitted to hospital.","","",,,,"Task.reasonCode",0,1,"","ele-1:All FHIR elements must have a @value or children {hasValue() or (children().count() > id.count())}
","Event.location",".reasonCode","FiveWs.why[x]","EVN.7"
"Task.reasonReference","Task.reasonReference","","","",0,1,"","","","Reference {[]} {[CanonicalType[http://hl7.org/fhir/StructureDefinition/Resource|4.0.1]]}
","Why task is needed","Berisi data alasan dilakukannya Task dengan tipe data Reference, yang direferensikan ke data yang tersimpan di semua resource yang ada di FHIR.","Tasks might be justified based on an Observation, a Condition, a past or planned procedure, etc.   This should only be included if there is no focus or if it differs from the reason indicated on the focus.    Use the CodeableConcept text element in `Task.reasonCode` if the data is free (uncoded) text.","","","","","","","","",,,,,"",,,,"Task.reasonReference",0,1,"","ele-1:All FHIR elements must have a @value or children {hasValue() or (children().count() > id.count())}
","Request.reasonReference, Event.reasonReference",".outboundRelationship[typeCode=RSON].target","FiveWs.why[x]"
"Task.insurance","Task.insurance","","","",0,*,"","","","Reference {[]} {[CanonicalType[http://hl7.org/fhir/StructureDefinition/Coverage|4.0.1], CanonicalType[http://hl7.org/fhir/StructureDefinition/ClaimResponse|4.0.1]]}
","Associated insurance coverage","Berisi data informasi asuransi atau klaim terkait untuk Task ini dengan tipe data Reference, yang direferensikan ke data yang tersimpan di resource Coverage | ClaimResponse.","","","","","","","","","",,,,,"",,,,"Task.insurance",0,*,"","ele-1:All FHIR elements must have a @value or children {hasValue() or (children().count() > id.count())}
","Request.insurance",".outboundRelationship[typeCode=COVBY].target","IN1/IN2"
"Task.note","Task.note","","","",0,*,"","","","Annotation {[]} {[]}
","Comments made about the task","Berisi satu atau lebih data informasi teks bebas yang dicatat tentang Task seiring dengan perkembangannya dengan tipe data Annotation.","","","","","","","","","",,,,,"",,,,"Task.note",0,*,"","ele-1:All FHIR elements must have a @value or children {hasValue() or (children().count() > id.count())}
","Request.note, Event.note",".inboundRelationship[typeCode=SUBJ, ].source[classCode=OBS, moodCode=EVN, code=""annotation""].value(string)"
"Task.relevantHistory","Task.relevantHistory","","Status History
","",0,*,"","","","Reference {[]} {[CanonicalType[http://hl7.org/fhir/StructureDefinition/Provenance|4.0.1]]}
","Key events in history of the Task","Berisi tautan ke catatan Provenance untuk versi sebelumnya dari suatu Task yang mengidentifikasi transisi status atau pembaruan kunci yang kemungkinan relevan bagi pengguna yang melihat versi Task saat ini. dengan tipe data Reference, yang direferensikan ke data yang tersimpan di resource Provenance.","This element does not point to the Provenance associated with the *current* version of the resource - as it would be created after this version existed.  The Provenance for the current version can be retrieved with a _revinclude.","","","","","","","","",,,,,"",,,,"Task.relevantHistory",0,*,"","ele-1:All FHIR elements must have a @value or children {hasValue() or (children().count() > id.count())}
","Request.relevantHistory",".inboundRelationship(typeCode=SUBJ].source[classCode=CACT, moodCode=EVN]"
"Task.restriction","Task.restriction","","","",0,1,"","","","BackboneElement {[]} {[]}
","Constraints on fulfillment tasks","Berisi data yang mengidentifikasi batasan apa saja bagian dari permintaan yang dirujuk yang seharusnya dilaksanakan jika Task.focus menjadi sumber daya permintaan dan Task tersebut sebagai pemenuhan (yaitu meminta agar permintaan dilaksanakan) dengan tipe data BackboneElement.","","Sometimes when fulfillment is sought, you don't want full fulfillment.","","","","","","","",,,,,"",,,,"Task.restriction",0,1,"","ele-1:All FHIR elements must have a @value or children {hasValue() or (children().count() > id.count())}
","Instead of pointing to request, would point to component of request, having these characteristics"
"Task.restriction.id","Task.restriction.id","","","",0,1,"","","","string {[]} {[]}
","Unique id for inter-element referencing","Unique id for the element within a resource (for internal references). This may be any string value that does not contain spaces.","","","","","","","","","",,,,,"",,,,"Element.id",0,1,"","","n/a"
"Task.restriction.extension","Task.restriction.extension","","extensions
user content","",0,*,"","","","Extension {[]} {[]}
","Additional content defined by implementations","May be used to represent additional information that is not part of the basic definition of the element. To make the use of extensions safe and manageable, there is a strict set of governance  applied to the definition and use of extensions. Though any implementer can define an extension, there is a set of requirements that SHALL be met as part of the definition of the extension.","There can be no stigma associated with the use of extensions by any application, project, or standard - regardless of the institution or jurisdiction that uses or defines the extensions.  The use of extensions is what allows the FHIR specification to retain a core level of simplicity for everyone.","","","","","","","","",,,,,"",,,,"Element.extension",0,*,"","ele-1:All FHIR elements must have a @value or children {hasValue() or (children().count() > id.count())}
ext-1:Must have either extensions or value[x], not both {extension.exists() != value.exists()}","n/a"
"Task.restriction.modifierExtension","Task.restriction.modifierExtension","","extensions
user contentmodifiers","",0,*,"","Y","Y","Extension {[]} {[]}
","Extensions that cannot be ignored even if unrecognized","May be used to represent additional information that is not part of the basic definition of the element and that modifies the understanding of the element in which it is contained and/or the understanding of the containing element's descendants. Usually modifier elements provide negation or qualification. To make the use of extensions safe and manageable, there is a strict set of governance applied to the definition and use of extensions. Though any implementer can define an extension, there is a set of requirements that SHALL be met as part of the definition of the extension. Applications processing a resource are required to check for modifier extensions.

Modifier extensions SHALL NOT change the meaning of any elements on Resource or DomainResource (including cannot change the meaning of modifierExtension itself).","There can be no stigma associated with the use of extensions by any application, project, or standard - regardless of the institution or jurisdiction that uses or defines the extensions.  The use of extensions is what allows the FHIR specification to retain a core level of simplicity for everyone.","Modifier extensions allow for extensions that *cannot* be safely ignored to be clearly distinguished from the vast majority of extensions which can be safely ignored.  This promotes interoperability by eliminating the need for implementers to prohibit the presence of extensions. For further information, see the [definition of modifier extensions](http://hl7.org/fhir/R4/extensibility.html#modifierExtension).","","","","","","","",,,,,"",,,,"BackboneElement.modifierExtension",0,*,"","ele-1:All FHIR elements must have a @value or children {hasValue() or (children().count() > id.count())}
ext-1:Must have either extensions or value[x], not both {extension.exists() != value.exists()}","N/A"
"Task.restriction.repetitions","Task.restriction.repetitions","","","",0,1,"","","","positiveInt {[]} {[]}
","How many times to repeat","Berisi data yang menunjukkan jumlah berapa kali tindakan yang diminta harus dilakukan dengan tipe data positiveInt.","","E.g. order that requests monthly lab tests, fulfillment is sought for 1.","","","","","","","",,,,,"",,,,"Task.restriction.repetitions",0,1,"","ele-1:All FHIR elements must have a @value or children {hasValue() or (children().count() > id.count())}
",".repeatNumber"
"Task.restriction.period","Task.restriction.period","","","",0,1,"","","","Period {[]} {[]}
","When fulfillment sought","Berisi data periode waktu pemenuhan Task diminta dengan tipe data Period.","Note that period.high is the due date representing the time by which the task should be completed.","E.g. order that authorizes 1 year's services.  Fulfillment is sought for next 3 months.","","","","","","","",,,,,"",,,,"Task.restriction.period",0,1,"","ele-1:All FHIR elements must have a @value or children {hasValue() or (children().count() > id.count())}
",".effectiveTime(IVL<TS>)"
"Task.restriction.recipient","Task.restriction.recipient","","","",0,*,"","","","Reference {[]} {[CanonicalType[http://hl7.org/fhir/StructureDefinition/Patient|4.0.1], CanonicalType[http://hl7.org/fhir/StructureDefinition/Practitioner|4.0.1], CanonicalType[http://hl7.org/fhir/StructureDefinition/PractitionerRole|4.0.1], CanonicalType[http://hl7.org/fhir/StructureDefinition/RelatedPerson|4.0.1], CanonicalType[http://hl7.org/fhir/StructureDefinition/Group|4.0.1], CanonicalType[http://hl7.org/fhir/StructureDefinition/Organization|4.0.1]]}
","For whom is fulfillment sought?","Berisi data informasi mengenai kepada siapa pemenuhan Task diminta untuk suatu permintaan yang ditujukan kepada lebih dari satu penerima atau target potensial dengan tipe data Reference, yang direferensikan ke data yang tersimpan di resource (Patient | Practitioner | PractitionerRole | RelatedPerson | Group | Organization.","","","","","","","","","",,,,,"",,,,"Task.restriction.recipient",0,*,"","ele-1:All FHIR elements must have a @value or children {hasValue() or (children().count() > id.count())}
",".participation[typeCode=SBJ].role"
"Task.input","Task.input","","Supporting Information
","",0,*,"","","","BackboneElement {[]} {[]}
","Information used to perform task","Berisi informasi tambahan yang mungkin dibutuhkan dalam pelaksanaan Task dengan tipe data BackboneElement.","","Resources and data used to perform the task.  This data is used in the business logic of task execution, and is stored separately because it varies between workflows.","","","","","","","",,,,,"",,,,"Task.input",0,*,"","ele-1:All FHIR elements must have a @value or children {hasValue() or (children().count() > id.count())}
","???"
"Task.input.id","Task.input.id","","","",0,1,"","","","string {[]} {[]}
","Unique id for inter-element referencing","Unique id for the element within a resource (for internal references). This may be any string value that does not contain spaces.","","","","","","","","","",,,,,"",,,,"Element.id",0,1,"","","n/a"
"Task.input.extension","Task.input.extension","","extensions
user content","",0,*,"","","","Extension {[]} {[]}
","Additional content defined by implementations","May be used to represent additional information that is not part of the basic definition of the element. To make the use of extensions safe and manageable, there is a strict set of governance  applied to the definition and use of extensions. Though any implementer can define an extension, there is a set of requirements that SHALL be met as part of the definition of the extension.","There can be no stigma associated with the use of extensions by any application, project, or standard - regardless of the institution or jurisdiction that uses or defines the extensions.  The use of extensions is what allows the FHIR specification to retain a core level of simplicity for everyone.","","","","","","","","",,,,,"",,,,"Element.extension",0,*,"","ele-1:All FHIR elements must have a @value or children {hasValue() or (children().count() > id.count())}
ext-1:Must have either extensions or value[x], not both {extension.exists() != value.exists()}","n/a"
"Task.input.modifierExtension","Task.input.modifierExtension","","extensions
user contentmodifiers","",0,*,"","Y","Y","Extension {[]} {[]}
","Extensions that cannot be ignored even if unrecognized","May be used to represent additional information that is not part of the basic definition of the element and that modifies the understanding of the element in which it is contained and/or the understanding of the containing element's descendants. Usually modifier elements provide negation or qualification. To make the use of extensions safe and manageable, there is a strict set of governance applied to the definition and use of extensions. Though any implementer can define an extension, there is a set of requirements that SHALL be met as part of the definition of the extension. Applications processing a resource are required to check for modifier extensions.

Modifier extensions SHALL NOT change the meaning of any elements on Resource or DomainResource (including cannot change the meaning of modifierExtension itself).","There can be no stigma associated with the use of extensions by any application, project, or standard - regardless of the institution or jurisdiction that uses or defines the extensions.  The use of extensions is what allows the FHIR specification to retain a core level of simplicity for everyone.","Modifier extensions allow for extensions that *cannot* be safely ignored to be clearly distinguished from the vast majority of extensions which can be safely ignored.  This promotes interoperability by eliminating the need for implementers to prohibit the presence of extensions. For further information, see the [definition of modifier extensions](http://hl7.org/fhir/R4/extensibility.html#modifierExtension).","","","","","","","",,,,,"",,,,"BackboneElement.modifierExtension",0,*,"","ele-1:All FHIR elements must have a @value or children {hasValue() or (children().count() > id.count())}
ext-1:Must have either extensions or value[x], not both {extension.exists() != value.exists()}","N/A"
"Task.input.type","Task.input.type","","Name
","",1,1,"","","","CodeableConcept {[]} {[]}
","Label for the input","Berisi data kode atau deskripsi yang menunjukkan bagaimana input dimaksudkan untuk digunakan sebagai bagian dari pelaksanaan Task dengan tipe data CodeableConcept.","If referencing a BPMN workflow or Protocol, the ""system"" is the URL for the workflow definition and the code is the ""name"" of the required input.","Inputs are named to enable task automation to bind data and pass it from one task to the next.","","","","","","","",,"example","Codes to identify types of input parameters.  These will typically be specific to a particular workflow.  E.g. ""Comparison source"", ""Applicable consent"", ""Concomitent Medications"", etc.","","",,,,"Task.input.type",1,1,"","ele-1:All FHIR elements must have a @value or children {hasValue() or (children().count() > id.count())}
","???"
"Task.input.value[x]","Task.input.value[x]","","","",1,1,"","","","base64Binary {[]} {[]}
boolean {[]} {[]}canonical {[]} {[]}code {[]} {[]}date {[]} {[]}dateTime {[]} {[]}decimal {[]} {[]}id {[]} {[]}instant {[]} {[]}integer {[]} {[]}markdown {[]} {[]}oid {[]} {[]}positiveInt {[]} {[]}string {[]} {[]}time {[]} {[]}unsignedInt {[]} {[]}uri {[]} {[]}url {[]} {[]}uuid {[]} {[]}Address {[]} {[]}Age {[]} {[]}Annotation {[]} {[]}Attachment {[]} {[]}CodeableConcept {[]} {[]}Coding {[]} {[]}ContactPoint {[]} {[]}Count {[]} {[]}Distance {[]} {[]}Duration {[]} {[]}HumanName {[]} {[]}Identifier {[]} {[]}Money {[]} {[]}Period {[]} {[]}Quantity {[]} {[]}Range {[]} {[]}Ratio {[]} {[]}Reference {[]} {[]}SampledData {[]} {[]}Signature {[]} {[]}Timing {[]} {[]}ContactDetail {[]} {[]}Contributor {[]} {[]}DataRequirement {[]} {[]}Expression {[]} {[]}ParameterDefinition {[]} {[]}RelatedArtifact {[]} {[]}TriggerDefinition {[]} {[]}UsageContext {[]} {[]}Dosage {[]} {[]}Meta {[]} {[]}","Content to use in performing the task","Berisi data nilai parameter input sebagai tipe dasar dengan tipe data seluruh tipe value yang ada di FHIR.","","","","","","","","","",,,,,"",,,,"Task.input.value[x]",1,1,"","ele-1:All FHIR elements must have a @value or children {hasValue() or (children().count() > id.count())}
","???"
"Task.output","Task.output","","","",0,*,"","","","BackboneElement {[]} {[]}
","Information produced as part of task","Berisi data hasil atau output yang dihasilkan oleh Task dengan tipe data BackboneElement.","","Resources and data produced during the execution the task.  This data is generated by the business logic of task execution, and is stored separately because it varies between workflows.","","","","","","","",,,,,"",,,,"Task.output",0,*,"","ele-1:All FHIR elements must have a @value or children {hasValue() or (children().count() > id.count())}
","???"
"Task.output.id","Task.output.id","","","",0,1,"","","","string {[]} {[]}
","Unique id for inter-element referencing","Unique id for the element within a resource (for internal references). This may be any string value that does not contain spaces.","","","","","","","","","",,,,,"",,,,"Element.id",0,1,"","","n/a"
"Task.output.extension","Task.output.extension","","extensions
user content","",0,*,"","","","Extension {[]} {[]}
","Additional content defined by implementations","May be used to represent additional information that is not part of the basic definition of the element. To make the use of extensions safe and manageable, there is a strict set of governance  applied to the definition and use of extensions. Though any implementer can define an extension, there is a set of requirements that SHALL be met as part of the definition of the extension.","There can be no stigma associated with the use of extensions by any application, project, or standard - regardless of the institution or jurisdiction that uses or defines the extensions.  The use of extensions is what allows the FHIR specification to retain a core level of simplicity for everyone.","","","","","","","","",,,,,"",,,,"Element.extension",0,*,"","ele-1:All FHIR elements must have a @value or children {hasValue() or (children().count() > id.count())}
ext-1:Must have either extensions or value[x], not both {extension.exists() != value.exists()}","n/a"
"Task.output.modifierExtension","Task.output.modifierExtension","","extensions
user contentmodifiers","",0,*,"","Y","Y","Extension {[]} {[]}
","Extensions that cannot be ignored even if unrecognized","May be used to represent additional information that is not part of the basic definition of the element and that modifies the understanding of the element in which it is contained and/or the understanding of the containing element's descendants. Usually modifier elements provide negation or qualification. To make the use of extensions safe and manageable, there is a strict set of governance applied to the definition and use of extensions. Though any implementer can define an extension, there is a set of requirements that SHALL be met as part of the definition of the extension. Applications processing a resource are required to check for modifier extensions.

Modifier extensions SHALL NOT change the meaning of any elements on Resource or DomainResource (including cannot change the meaning of modifierExtension itself).","There can be no stigma associated with the use of extensions by any application, project, or standard - regardless of the institution or jurisdiction that uses or defines the extensions.  The use of extensions is what allows the FHIR specification to retain a core level of simplicity for everyone.","Modifier extensions allow for extensions that *cannot* be safely ignored to be clearly distinguished from the vast majority of extensions which can be safely ignored.  This promotes interoperability by eliminating the need for implementers to prohibit the presence of extensions. For further information, see the [definition of modifier extensions](http://hl7.org/fhir/R4/extensibility.html#modifierExtension).","","","","","","","",,,,,"",,,,"BackboneElement.modifierExtension",0,*,"","ele-1:All FHIR elements must have a @value or children {hasValue() or (children().count() > id.count())}
ext-1:Must have either extensions or value[x], not both {extension.exists() != value.exists()}","N/A"
"Task.output.type","Task.output.type","","Name
","",1,1,"","","","CodeableConcept {[]} {[]}
","Label for output","Berisi data nama parameter output dengan tipe data CodeableConcept.","","Outputs are named to enable task automation to bind data and pass it from one task to the next.","","","","","","","",,"example","Codes to identify types of input parameters.  These will typically be specific to a particular workflow.  E.g. ""Identified issues"", ""Preliminary results"", ""Filler order"", ""Final results"", etc.","","",,,,"Task.output.type",1,1,"","ele-1:All FHIR elements must have a @value or children {hasValue() or (children().count() > id.count())}
","???"
"Task.output.value[x]","Task.output.value[x]","","","",1,1,"","","","base64Binary {[]} {[]}
boolean {[]} {[]}canonical {[]} {[]}code {[]} {[]}date {[]} {[]}dateTime {[]} {[]}decimal {[]} {[]}id {[]} {[]}instant {[]} {[]}integer {[]} {[]}markdown {[]} {[]}oid {[]} {[]}positiveInt {[]} {[]}string {[]} {[]}time {[]} {[]}unsignedInt {[]} {[]}uri {[]} {[]}url {[]} {[]}uuid {[]} {[]}Address {[]} {[]}Age {[]} {[]}Annotation {[]} {[]}Attachment {[]} {[]}CodeableConcept {[]} {[]}Coding {[]} {[]}ContactPoint {[]} {[]}Count {[]} {[]}Distance {[]} {[]}Duration {[]} {[]}HumanName {[]} {[]}Identifier {[]} {[]}Money {[]} {[]}Period {[]} {[]}Quantity {[]} {[]}Range {[]} {[]}Ratio {[]} {[]}Reference {[]} {[]}SampledData {[]} {[]}Signature {[]} {[]}Timing {[]} {[]}ContactDetail {[]} {[]}Contributor {[]} {[]}DataRequirement {[]} {[]}Expression {[]} {[]}ParameterDefinition {[]} {[]}RelatedArtifact {[]} {[]}TriggerDefinition {[]} {[]}UsageContext {[]} {[]}Dosage {[]} {[]}Meta {[]} {[]}","Result of output","Berisi data nilai parameter output sebagai tipe dasar dengan tipe data seluruh tipe value yang ada di FHIR.","","Task outputs can take any form.","","","","","","","",,,,,"",,,,"Task.output.value[x]",1,1,"","ele-1:All FHIR elements must have a @value or children {hasValue() or (children().count() > id.count())}
","???"
