"Id","Path","Slice Name","Alias(s)","Label","Min","Max","Must Support?","Is Modifier?","Is Summary?","Type(s)","Short","Definition","Comments","Requirements","Default Value","Meaning When Missing","Fixed Value","Pattern","Example","Minimum Value","Maximum Value","Maximum Length","Binding Strength","Binding Description","Binding Value Set","Code","Slicing Discriminator","Slicing Description","Slicing Ordered","Slicing Rules","Base Path","Base Min","Base Max","Condition(s)","Constraint(s)","Mapping: HL7 v2 Mapping","Mapping: RIM Mapping","Mapping: FiveWs Pattern Mapping","Mapping: Workflow Pattern"
"Invoice","Invoice","","","",0,*,"","","","null {[]} {[]}
","Invoice containing ChargeItems from an Account","Invoice containing collected ChargeItems from an Account with calculated individual and total price for Billing purpose.","","","","","","","","","",,,,,"",,,,"Invoice",0,*,"","dom-2:If the resource is contained in another resource, it SHALL NOT contain nested Resources {contained.contained.empty()}
dom-3:If the resource is contained in another resource, it SHALL be referred to from elsewhere in the resource or SHALL refer to the containing resource {contained.where((('#'+id in (%resource.descendants().reference | %resource.descendants().as(canonical) | %resource.descendants().as(uri) | %resource.descendants().as(url))) or descendants().where(reference = '#').exists() or descendants().where(as(canonical) = '#').exists() or descendants().where(as(canonical) = '#').exists()).not()).trace('unmatched', id).empty()}dom-4:If a resource is contained in another resource, it SHALL NOT have a meta.versionId or a meta.lastUpdated {contained.meta.versionId.empty() and contained.meta.lastUpdated.empty()}dom-5:If a resource is contained in another resource, it SHALL NOT have a security label {contained.meta.security.empty()}dom-6:A resource should have narrative for robust management {text.`div`.exists()}","FT1","Entity. Role, or Act","Act[moodCode=EVN]"
"Invoice.id","Invoice.id","","","",0,1,"","","Y","id {[]} {[]}
","Logical id of this artifact","The logical id of the resource, as used in the URL for the resource. Once assigned, this value never changes.","The only time that a resource does not have an id is when it is being submitted to the server using a create operation.","","","","","","","","",,,,,"",,,,"Resource.id",0,1,"",""
"Invoice.meta","Invoice.meta","","","",0,1,"","","Y","Meta {[]} {[]}
","Metadata about the resource","The metadata about the resource. This is content that is maintained by the infrastructure. Changes to the content might not always be associated with version changes to the resource.","","","","","","","","","",,,,,"",,,,"Resource.meta",0,1,"","ele-1:All FHIR elements must have a @value or children {hasValue() or (children().count() > id.count())}
"
"Invoice.implicitRules","Invoice.implicitRules","","","",0,1,"","Y","Y","uri {[]} {[]}
","A set of rules under which this content was created","A reference to a set of rules that were followed when the resource was constructed, and which must be understood when processing the content. Often, this is a reference to an implementation guide that defines the special rules along with other profiles etc.","Asserting this rule set restricts the content to be only understood by a limited set of trading partners. This inherently limits the usefulness of the data in the long term. However, the existing health eco-system is highly fractured, and not yet ready to define, collect, and exchange data in a generally computable sense. Wherever possible, implementers and/or specification writers should avoid using this element. Often, when used, the URL is a reference to an implementation guide that defines these special rules as part of it's narrative along with other profiles, value sets, etc.","","","","","","","","",,,,,"",,,,"Resource.implicitRules",0,1,"","ele-1:All FHIR elements must have a @value or children {hasValue() or (children().count() > id.count())}
"
"Invoice.language","Invoice.language","","","",0,1,"","","","code {[]} {[]}
","Language of the resource content","The base language in which the resource is written.","Language is provided to support indexing and accessibility (typically, services such as text to speech use the language tag). The html language tag in the narrative applies  to the narrative. The language tag on the resource may be used to specify the language of other presentations generated from the data in the resource. Not all the content has to be in the base language. The Resource.language should not be assumed to apply to the narrative automatically. If a language is specified, it should it also be specified on the div element in the html (see rules in HTML5 for information about the relationship between xml:lang and the html lang attribute).","","","","","","","","",,"preferred","A human language.","http://hl7.org/fhir/ValueSet/languages|4.0.1","",,,,"Resource.language",0,1,"","ele-1:All FHIR elements must have a @value or children {hasValue() or (children().count() > id.count())}
"
"Invoice.text","Invoice.text","","narrative
htmlxhtmldisplay","",0,1,"","","","Narrative {[]} {[]}
","Text summary of the resource, for human interpretation","A human-readable narrative that contains a summary of the resource and can be used to represent the content of the resource to a human. The narrative need not encode all the structured data, but is required to contain sufficient detail to make it ""clinically safe"" for a human to just read the narrative. Resource definitions may define what content should be represented in the narrative to ensure clinical safety.","Contained resources do not have narrative. Resources that are not contained SHOULD have a narrative. In some cases, a resource may only have text with little or no additional discrete data (as long as all minOccurs=1 elements are satisfied).  This may be necessary for data from legacy systems where information is captured as a ""text blob"" or where text is additionally entered raw or narrated and encoded information is added later.","","","","","","","","",,,,,"",,,,"DomainResource.text",0,1,"","ele-1:All FHIR elements must have a @value or children {hasValue() or (children().count() > id.count())}
","Act.text?"
"Invoice.contained","Invoice.contained","","inline resources
anonymous resourcescontained resources","",0,*,"","","","Resource {[]} {[]}
","Contained, inline Resources","These resources do not have an independent existence apart from the resource that contains them - they cannot be identified independently, and nor can they have their own independent transaction scope.","This should never be done when the content can be identified properly, as once identification is lost, it is extremely difficult (and context dependent) to restore it again. Contained resources may have profiles and tags In their meta elements, but SHALL NOT have security labels.","","","","","","","","",,,,,"",,,,"DomainResource.contained",0,*,"","","N/A"
"Invoice.extension","Invoice.extension","","extensions
user content","",0,*,"","","","Extension {[]} {[]}
","Additional content defined by implementations","May be used to represent additional information that is not part of the basic definition of the resource. To make the use of extensions safe and manageable, there is a strict set of governance  applied to the definition and use of extensions. Though any implementer can define an extension, there is a set of requirements that SHALL be met as part of the definition of the extension.","There can be no stigma associated with the use of extensions by any application, project, or standard - regardless of the institution or jurisdiction that uses or defines the extensions.  The use of extensions is what allows the FHIR specification to retain a core level of simplicity for everyone.","","","","","","","","",,,,,"",,,,"DomainResource.extension",0,*,"","ele-1:All FHIR elements must have a @value or children {hasValue() or (children().count() > id.count())}
ext-1:Must have either extensions or value[x], not both {extension.exists() != value.exists()}","N/A"
"Invoice.modifierExtension","Invoice.modifierExtension","","extensions
user content","",0,*,"","Y","","Extension {[]} {[]}
","Extensions that cannot be ignored","May be used to represent additional information that is not part of the basic definition of the resource and that modifies the understanding of the element that contains it and/or the understanding of the containing element's descendants. Usually modifier elements provide negation or qualification. To make the use of extensions safe and manageable, there is a strict set of governance applied to the definition and use of extensions. Though any implementer is allowed to define an extension, there is a set of requirements that SHALL be met as part of the definition of the extension. Applications processing a resource are required to check for modifier extensions.

Modifier extensions SHALL NOT change the meaning of any elements on Resource or DomainResource (including cannot change the meaning of modifierExtension itself).","There can be no stigma associated with the use of extensions by any application, project, or standard - regardless of the institution or jurisdiction that uses or defines the extensions.  The use of extensions is what allows the FHIR specification to retain a core level of simplicity for everyone.","Modifier extensions allow for extensions that *cannot* be safely ignored to be clearly distinguished from the vast majority of extensions which can be safely ignored.  This promotes interoperability by eliminating the need for implementers to prohibit the presence of extensions. For further information, see the [definition of modifier extensions](http://hl7.org/fhir/R4/extensibility.html#modifierExtension).","","","","","","","",,,,,"",,,,"DomainResource.modifierExtension",0,*,"","ele-1:All FHIR elements must have a @value or children {hasValue() or (children().count() > id.count())}
ext-1:Must have either extensions or value[x], not both {extension.exists() != value.exists()}","N/A"
"Invoice.identifier","Invoice.identifier","","","",0,1,"","","Y","Identifier {[]} {[]}
","Business Identifier for item","Berisi data ID lokal sebagai pengidentifikasi faktur, sering digunakan untuk referensi dalam korespondensi tentang faktur atau untuk melacak pembayaran dengan tipe data Identifier.","","Allows Identification of this Invoice instance.","","","","","","","",,,,,"",,,,"Invoice.identifier",0,*,"","ele-1:All FHIR elements must have a @value or children {hasValue() or (children().count() > id.count())}
","FT1.2",".identifier","FiveWs.identifier"
"Invoice.status","Invoice.status","","","",1,1,"","Y","Y","code {[]} {[]}
","draft | issued | balanced | cancelled | entered-in-error","Berisi data yang menyatakan status faktur saat ini dengan tipe data code, yang nilainya mengacu pada data terminologi InvoiceStatus.","","","","","","","","","",,"required","Codes identifying the lifecycle stage of an Invoice.","http://hl7.org/fhir/ValueSet/invoice-status|4.0.1","",,,,"Invoice.status",1,1,"","ele-1:All FHIR elements must have a @value or children {hasValue() or (children().count() > id.count())}
","Varies by domain",".status","FiveWs.status"
"Invoice.cancelledReason","Invoice.cancelledReason","","","",0,1,"","","","string {[]} {[]}
","Reason for cancellation of this Invoice","Berisi data alasan pembatalan faktur dengan tipe data string.","Derived Profiles may choose to add invariants requiring this field to be populated if either priceOverride or factorOverride have been filled.","","","","","","","","",,,,,"",,,,"Invoice.cancelledReason",0,1,"","ele-1:All FHIR elements must have a @value or children {hasValue() or (children().count() > id.count())}
"
"Invoice.type","Invoice.type","","type
","",0,1,"","","Y","CodeableConcept {[]} {[]}
","Type of Invoice","Berisi data jenis faktur sesuai domain, ranah penggunaan (misalnya internal/eksternal, gigi, pendahuluan) dengan tipe data CodeableConcept.","","","","","","","","","",,,,,"",,,,"Invoice.type",0,1,"","ele-1:All FHIR elements must have a @value or children {hasValue() or (children().count() > id.count())}
","FT1.7",".code","FiveWs.what[x]","Event.code"
"Invoice.subject","Invoice.subject","","patient
","",0,1,"","","Y","Reference {[]} {[CanonicalType[http://hl7.org/fhir/StructureDefinition/Patient|4.0.1], CanonicalType[http://hl7.org/fhir/StructureDefinition/Group|4.0.1]]}
","Recipient(s) of goods and services","Berisi data individu atau kumpulan individu yang menerima barang dan jasa yang ditagih pada faktur dengan tipe data Reference yang direferensikan ke data yang tersimpan di resource Patient | Group.","","Links the event to the Patient context.","","","","","","","",,,,,"",,,,"Invoice.subject",0,1,"","ele-1:All FHIR elements must have a @value or children {hasValue() or (children().count() > id.count())}
","PAT in proximity to FT1 segment",".participation[typeCode=SBJ].role","FiveWs.subject[x]","FiveWs.subject","Event.subject"
"Invoice.recipient","Invoice.recipient","","","",0,1,"","","Y","Reference {[]} {[CanonicalType[http://hl7.org/fhir/StructureDefinition/Organization|4.0.1], CanonicalType[http://hl7.org/fhir/StructureDefinition/Patient|4.0.1], CanonicalType[http://hl7.org/fhir/StructureDefinition/RelatedPerson|4.0.1]]}
","Recipient of this invoice","Berisi data individu atau organisasi yang bertanggung jawab untuk menyeimbangkan faktur dengan tipe data Reference yang direferensikan ke data yang tersimpan di resource Organization | Patient | RelatedPerson.","","","","","","","","","",,,,,"",,,,"Invoice.recipient",0,1,"","ele-1:All FHIR elements must have a @value or children {hasValue() or (children().count() > id.count())}
","PV1 in proximity to FT1 segment",".inboundRelationship(typeCode=COMP].source[classCode<=PCPR, moodCode=EVN]","Event.context"
"Invoice.date","Invoice.date","","","",0,1,"","","Y","dateTime {[]} {[]}
","Invoice date / posting date","Berisi data tanggal/waktu ketika faktur diposting dengan tipe data dateTime, dengan format yang diperbolehkan YYYY, YYYY-MM, YYYY-MM-DD atau YYYY-MM-DDThh:mm:ss+zz:zz.","The list of types may be constrained as appropriate for the type of charge item.","","","","","","","","",,,,,"",,,,"Invoice.date",0,1,"","ele-1:All FHIR elements must have a @value or children {hasValue() or (children().count() > id.count())}
","Varies by domain",".effectiveTime","FiveWs.done[x]"
"Invoice.participant","Invoice.participant","","","",0,1,"","","","BackboneElement {[]} {[]}
","Participant in creation of this Invoice","Berisi data siapa atau apa yang melakukan atau berpartisipasi dalam layanan yang dibebankan dengan tipe data BackboneElement.","","","","","","","","","",,,,,"",,,,"Invoice.participant",0,*,"","ele-1:All FHIR elements must have a @value or children {hasValue() or (children().count() > id.count())}
","EVN.5 or by domain",".participation[typeCode=PRF].role[scoper.determinerCode=INSTANCE]"
"Invoice.participant.id","Invoice.participant.id","","","",0,1,"","","","string {[]} {[]}
","Unique id for inter-element referencing","Unique id for the element within a resource (for internal references). This may be any string value that does not contain spaces.","","","","","","","","","",,,,,"",,,,"Element.id",0,1,"","","n/a"
"Invoice.participant.extension","Invoice.participant.extension","","extensions
user content","",0,*,"","","","Extension {[]} {[]}
","Additional content defined by implementations","May be used to represent additional information that is not part of the basic definition of the element. To make the use of extensions safe and manageable, there is a strict set of governance  applied to the definition and use of extensions. Though any implementer can define an extension, there is a set of requirements that SHALL be met as part of the definition of the extension.","There can be no stigma associated with the use of extensions by any application, project, or standard - regardless of the institution or jurisdiction that uses or defines the extensions.  The use of extensions is what allows the FHIR specification to retain a core level of simplicity for everyone.","","","","","","","","",,,,,"",,,,"Element.extension",0,*,"","ele-1:All FHIR elements must have a @value or children {hasValue() or (children().count() > id.count())}
ext-1:Must have either extensions or value[x], not both {extension.exists() != value.exists()}","n/a"
"Invoice.participant.modifierExtension","Invoice.participant.modifierExtension","","extensions
user contentmodifiers","",0,*,"","Y","Y","Extension {[]} {[]}
","Extensions that cannot be ignored even if unrecognized","May be used to represent additional information that is not part of the basic definition of the element and that modifies the understanding of the element in which it is contained and/or the understanding of the containing element's descendants. Usually modifier elements provide negation or qualification. To make the use of extensions safe and manageable, there is a strict set of governance applied to the definition and use of extensions. Though any implementer can define an extension, there is a set of requirements that SHALL be met as part of the definition of the extension. Applications processing a resource are required to check for modifier extensions.

Modifier extensions SHALL NOT change the meaning of any elements on Resource or DomainResource (including cannot change the meaning of modifierExtension itself).","There can be no stigma associated with the use of extensions by any application, project, or standard - regardless of the institution or jurisdiction that uses or defines the extensions.  The use of extensions is what allows the FHIR specification to retain a core level of simplicity for everyone.","Modifier extensions allow for extensions that *cannot* be safely ignored to be clearly distinguished from the vast majority of extensions which can be safely ignored.  This promotes interoperability by eliminating the need for implementers to prohibit the presence of extensions. For further information, see the [definition of modifier extensions](http://hl7.org/fhir/R4/extensibility.html#modifierExtension).","","","","","","","",,,,,"",,,,"BackboneElement.modifierExtension",0,*,"","ele-1:All FHIR elements must have a @value or children {hasValue() or (children().count() > id.count())}
ext-1:Must have either extensions or value[x], not both {extension.exists() != value.exists()}","N/A"
"Invoice.participant.role","Invoice.participant.role","","","",0,1,"","","","CodeableConcept {[]} {[]}
","Type of involvement in creation of this Invoice","Berisi data jenis keterlibatan dengan tipe data CodeableConcept.","","","","","","","","","",,,,,"",,,,"Invoice.participant.role",0,1,"","ele-1:All FHIR elements must have a @value or children {hasValue() or (children().count() > id.count())}
","Varies by domain",".participation.functionCode"
"Invoice.participant.actor","Invoice.participant.actor","","","",1,1,"","","","Reference {[]} {[CanonicalType[http://hl7.org/fhir/StructureDefinition/Practitioner|4.0.1], CanonicalType[http://hl7.org/fhir/StructureDefinition/Organization|4.0.1], CanonicalType[http://hl7.org/fhir/StructureDefinition/Patient|4.0.1], CanonicalType[http://hl7.org/fhir/StructureDefinition/PractitionerRole|4.0.1], CanonicalType[http://hl7.org/fhir/StructureDefinition/Device|4.0.1], CanonicalType[http://hl7.org/fhir/StructureDefinition/RelatedPerson|4.0.1]]}
","Individual who was involved","Berisi data perangkat, praktisi, ataupun yang lainnya yang melakukan atau berpartisipasi dalam layanan dengan tipe data Reference yang direferensikan ke data yang tersimpan di resource Practitioner | Organization | Patient | Practitioner Role | Device | RelatedPerson.","","","","","","","","","",,,,,"",,,,"Invoice.participant.actor",1,1,"","ele-1:All FHIR elements must have a @value or children {hasValue() or (children().count() > id.count())}
","EVN.5 or by domain",".player","FiveWs.actor"
"Invoice.issuer","Invoice.issuer","","","",0,1,"","","","Reference {[]} {[CanonicalType[http://hl7.org/fhir/StructureDefinition/Organization|4.0.1]]}
","Issuing Organization of Invoice","Berisi data organisasi yang mengeluarkan faktur dengan tipe data Reference yang direferensikan ke data yang tersimpan di resource Organization.","Practitioners and Devices can be associated with multiple organizations. It has to be made clear, on behalf of which Organization the services have been rendered.","","","","","","","","",,,,,"",,,,"Invoice.issuer",0,1,"","ele-1:All FHIR elements must have a @value or children {hasValue() or (children().count() > id.count())}
","N/A",".scoper"
"Invoice.account","Invoice.account","","","",0,1,"","","","Reference {[]} {[CanonicalType[http://hl7.org/fhir/StructureDefinition/Account|4.0.1]]}
","Account that is being balanced","Berisi data akun yang seharusnya seimbang dengan faktur dengan tipe data Reference yang direferensikan ke data yang tersimpan di resource Account.","Systems posting the ChargeItems might not always be able to determine, which accounts the Items need to be places into. It is up to the potprocessing Financial System to apply internal rules to decide based on the Encounter/EpisodeOfCare/Patient/Coverage context and the type of ChargeItem, which Account is appropriate.","","","","","","","","",,,,,"",,,,"Invoice.account",0,1,"","ele-1:All FHIR elements must have a @value or children {hasValue() or (children().count() > id.count())}
"
"Invoice.lineItem","Invoice.lineItem","","","",0,1,"","","","BackboneElement {[]} {[]}
","Line items of this Invoice","Berisi data terkait satu biaya barang dan jasa yang diberikan pada setiap item baris. Adapun detail seperti tanggal, kode, dan jumlah ditemukan di sumber ChargeItem yang direferensikan dengan tipe data BackboneElement.","","","","","","","","","",,,,,"",,,,"Invoice.lineItem",0,*,"","ele-1:All FHIR elements must have a @value or children {hasValue() or (children().count() > id.count())}
","EVN.5 or by domain",".participation[typeCode=PRF].role[scoper.determinerCode=INSTANCE]"
"Invoice.lineItem.id","Invoice.lineItem.id","","","",0,1,"","","","string {[]} {[]}
","Unique id for inter-element referencing","Unique id for the element within a resource (for internal references). This may be any string value that does not contain spaces.","","","","","","","","","",,,,,"",,,,"Element.id",0,1,"","","n/a"
"Invoice.lineItem.extension","Invoice.lineItem.extension","","extensions
user content","",0,*,"","","","Extension {[]} {[]}
","Additional content defined by implementations","May be used to represent additional information that is not part of the basic definition of the element. To make the use of extensions safe and manageable, there is a strict set of governance  applied to the definition and use of extensions. Though any implementer can define an extension, there is a set of requirements that SHALL be met as part of the definition of the extension.","There can be no stigma associated with the use of extensions by any application, project, or standard - regardless of the institution or jurisdiction that uses or defines the extensions.  The use of extensions is what allows the FHIR specification to retain a core level of simplicity for everyone.","","","","","","","","",,,,,"",,,,"Element.extension",0,*,"","ele-1:All FHIR elements must have a @value or children {hasValue() or (children().count() > id.count())}
ext-1:Must have either extensions or value[x], not both {extension.exists() != value.exists()}","n/a"
"Invoice.lineItem.modifierExtension","Invoice.lineItem.modifierExtension","","extensions
user contentmodifiers","",0,*,"","Y","Y","Extension {[]} {[]}
","Extensions that cannot be ignored even if unrecognized","May be used to represent additional information that is not part of the basic definition of the element and that modifies the understanding of the element in which it is contained and/or the understanding of the containing element's descendants. Usually modifier elements provide negation or qualification. To make the use of extensions safe and manageable, there is a strict set of governance applied to the definition and use of extensions. Though any implementer can define an extension, there is a set of requirements that SHALL be met as part of the definition of the extension. Applications processing a resource are required to check for modifier extensions.

Modifier extensions SHALL NOT change the meaning of any elements on Resource or DomainResource (including cannot change the meaning of modifierExtension itself).","There can be no stigma associated with the use of extensions by any application, project, or standard - regardless of the institution or jurisdiction that uses or defines the extensions.  The use of extensions is what allows the FHIR specification to retain a core level of simplicity for everyone.","Modifier extensions allow for extensions that *cannot* be safely ignored to be clearly distinguished from the vast majority of extensions which can be safely ignored.  This promotes interoperability by eliminating the need for implementers to prohibit the presence of extensions. For further information, see the [definition of modifier extensions](http://hl7.org/fhir/R4/extensibility.html#modifierExtension).","","","","","","","",,,,,"",,,,"BackboneElement.modifierExtension",0,*,"","ele-1:All FHIR elements must have a @value or children {hasValue() or (children().count() > id.count())}
ext-1:Must have either extensions or value[x], not both {extension.exists() != value.exists()}","N/A"
"Invoice.lineItem.sequence","Invoice.lineItem.sequence","","","",0,1,"","","","positiveInt {[]} {[]}
","Sequence number of line item","Berisi data urutan item di faktur dengan tipe data positiveInt.","","","","","","","","","",,,,,"",,,,"Invoice.lineItem.sequence",0,1,"","ele-1:All FHIR elements must have a @value or children {hasValue() or (children().count() > id.count())}
"
"Invoice.lineItem.chargeItem[x]","Invoice.lineItem.chargeItem[x]","","","",1,1,"","","","Reference {[]} {[CanonicalType[http://hl7.org/fhir/StructureDefinition/ChargeItem|4.0.1]]}
CodeableConcept {[]} {[]}","Reference to ChargeItem containing details of this line item or an inline billing code","Berisi data ChargeItem yang berisi informasi seperti kode tagihan, tanggal, jumlah, dan lainnya. Jika tidak ada rincian lebih lanjut yang diperlukan untuk item baris, kode tagihan sebaris dapat ditambahkan.","","","","","","","","","",,,,,"","type:$this}
","",,"closed","Invoice.lineItem.chargeItem[x]",1,1,"","ele-1:All FHIR elements must have a @value or children {hasValue() or (children().count() > id.count())}
","EVN.5 or by domain",".player"
"Invoice.lineItem.chargeItem[x]:chargeItemCodeableConcept","Invoice.lineItem.chargeItem[x]","chargeItemCodeableConcept","","",0,1,"","","","CodeableConcept {[]} {[]}
","Reference to ChargeItem containing details of this line item or an inline billing code","Berisi data ChargeItem yang berisi informasi seperti kode tagihan, tanggal, jumlah, dan lainnya. Jika tidak ada rincian lebih lanjut yang diperlukan untuk item baris, kode tagihan sebaris dapat ditambahkan menggunakan tipe data CodeableConcept.","","","","","","","","","",,,,,"",,,,"Invoice.lineItem.chargeItem[x]",1,1,"","ele-1:All FHIR elements must have a @value or children {hasValue() or (children().count() > id.count())}
","EVN.5 or by domain",".player"
"Invoice.lineItem.chargeItem[x]:chargeItemReference","Invoice.lineItem.chargeItem[x]","chargeItemReference","","",0,1,"","","","Reference {[]} {[CanonicalType[http://hl7.org/fhir/StructureDefinition/ChargeItem]]}
","Reference to ChargeItem containing details of this line item or an inline billing code","Berisi data ChargeItem yang berisi informasi seperti kode tagihan, tanggal, jumlah, dan lainnya. Jika tidak ada rincian lebih lanjut yang diperlukan untuk item baris, kode tagihan sebaris dapat ditambahkan menggunakan tipe data Reference yang direferensikan ke data yang tersimpan di resource ChargeItem.","","","","","","","","","",,,,,"",,,,"Invoice.lineItem.chargeItem[x]",1,1,"","ele-1:All FHIR elements must have a @value or children {hasValue() or (children().count() > id.count())}
","EVN.5 or by domain",".player"
"Invoice.lineItem.priceComponent","Invoice.lineItem.priceComponent","","","",0,1,"","","","BackboneElement {[]} {[]}
","Components of total line item price","Berisi data harga di mana harga untuk suatu ChargeItem dapat dihitung sebagai harga dasar dengan biaya tambahan/potongan yang berlaku dalam kondisi tertent. Elemen priceComponent dapat digunakan untuk menawarkan transparansi kepada penerima faktur mengenai bagaimana harga telah dihitung dengan tipe data BackboneElement.","","","","","","","","","",,,,,"",,,,"Invoice.lineItem.priceComponent",0,*,"","ele-1:All FHIR elements must have a @value or children {hasValue() or (children().count() > id.count())}
","EVN.5 or by domain",".participation[typeCode=PRF].role[scoper.determinerCode=INSTANCE]"
"Invoice.lineItem.priceComponent.id","Invoice.lineItem.priceComponent.id","","","",0,1,"","","","string {[]} {[]}
","Unique id for inter-element referencing","Unique id for the element within a resource (for internal references). This may be any string value that does not contain spaces.","","","","","","","","","",,,,,"",,,,"Element.id",0,1,"","","n/a"
"Invoice.lineItem.priceComponent.extension","Invoice.lineItem.priceComponent.extension","","extensions
user content","",0,*,"","","","Extension {[]} {[]}
","Additional content defined by implementations","May be used to represent additional information that is not part of the basic definition of the element. To make the use of extensions safe and manageable, there is a strict set of governance  applied to the definition and use of extensions. Though any implementer can define an extension, there is a set of requirements that SHALL be met as part of the definition of the extension.","There can be no stigma associated with the use of extensions by any application, project, or standard - regardless of the institution or jurisdiction that uses or defines the extensions.  The use of extensions is what allows the FHIR specification to retain a core level of simplicity for everyone.","","","","","","","","",,,,,"",,,,"Element.extension",0,*,"","ele-1:All FHIR elements must have a @value or children {hasValue() or (children().count() > id.count())}
ext-1:Must have either extensions or value[x], not both {extension.exists() != value.exists()}","n/a"
"Invoice.lineItem.priceComponent.modifierExtension","Invoice.lineItem.priceComponent.modifierExtension","","extensions
user contentmodifiers","",0,*,"","Y","Y","Extension {[]} {[]}
","Extensions that cannot be ignored even if unrecognized","May be used to represent additional information that is not part of the basic definition of the element and that modifies the understanding of the element in which it is contained and/or the understanding of the containing element's descendants. Usually modifier elements provide negation or qualification. To make the use of extensions safe and manageable, there is a strict set of governance applied to the definition and use of extensions. Though any implementer can define an extension, there is a set of requirements that SHALL be met as part of the definition of the extension. Applications processing a resource are required to check for modifier extensions.

Modifier extensions SHALL NOT change the meaning of any elements on Resource or DomainResource (including cannot change the meaning of modifierExtension itself).","There can be no stigma associated with the use of extensions by any application, project, or standard - regardless of the institution or jurisdiction that uses or defines the extensions.  The use of extensions is what allows the FHIR specification to retain a core level of simplicity for everyone.","Modifier extensions allow for extensions that *cannot* be safely ignored to be clearly distinguished from the vast majority of extensions which can be safely ignored.  This promotes interoperability by eliminating the need for implementers to prohibit the presence of extensions. For further information, see the [definition of modifier extensions](http://hl7.org/fhir/R4/extensibility.html#modifierExtension).","","","","","","","",,,,,"",,,,"BackboneElement.modifierExtension",0,*,"","ele-1:All FHIR elements must have a @value or children {hasValue() or (children().count() > id.count())}
ext-1:Must have either extensions or value[x], not both {extension.exists() != value.exists()}","N/A"
"Invoice.lineItem.priceComponent.type","Invoice.lineItem.priceComponent.type","","","",1,1,"","","","code {[]} {[]}
","base | surcharge | deduction | discount | tax | informational","Berisi data kode untuk mengidentifikasi jenis komponen dengan tipe data code, yang nilainya mengacu pada data terminologi InvoicePriceComponentType.","","","","","","","","","",,"required","Codes indicating the kind of the price component.","http://hl7.org/fhir/ValueSet/invoice-priceComponentType|4.0.1","",,,,"Invoice.lineItem.priceComponent.type",1,1,"","ele-1:All FHIR elements must have a @value or children {hasValue() or (children().count() > id.count())}
","FT1.7",".code","Event.code"
"Invoice.lineItem.priceComponent.code","Invoice.lineItem.priceComponent.code","","","",0,1,"","","","CodeableConcept {[]} {[]}
","Code identifying the specific component","Berisi data kode yang mengidentifikasi komponen. Kode dapat digunakan untuk membedakan antara jenis pajak, biaya tambahan, diskon, dan lainnya dengan tipe data CodeableConcept.","","","","","","","","","",,,,,"",,,,"Invoice.lineItem.priceComponent.code",0,1,"","ele-1:All FHIR elements must have a @value or children {hasValue() or (children().count() > id.count())}
","FT1.7",".code","Event.code"
"Invoice.lineItem.priceComponent.factor","Invoice.lineItem.priceComponent.factor","","","",0,1,"","","","decimal {[]} {[]}
","Factor used for calculating this component","Berisi data faktor yang telah diterapkan pada harga dasar untuk menghitung komponen dengan tipe data decimal.","There is no reason to carry the price in the instance of a ChargeItem unless circumstances require a manual override. The list prices or are usually defined in a back catalogue of the billing codes  (see ChargeItem.definition). Derived profiles may require a ChargeItem.overrideReason to be provided if either factor or price are manually overridden.","","","","","","","","",,,,,"",,,,"Invoice.lineItem.priceComponent.factor",0,1,"","ele-1:All FHIR elements must have a @value or children {hasValue() or (children().count() > id.count())}
","FT1.22"
"Invoice.lineItem.priceComponent.amount","Invoice.lineItem.priceComponent.amount","","","",0,1,"","","","Money {[]} {[]}
","Monetary amount associated with this component","Berisi data jumlah yang dihitung untuk komponen dengan tipe data Money.","There is no reason to carry the price in the instance of a ChargeItem unless circumstances require a manual override. The list prices or are usually defined in a back catalogue of the billing codes  (see ChargeItem.definition). Derived profiles may require a ChargeItem.overrideReason to be provided if either factor or price are manually overridden.","","","","","","","","",,,,,"",,,,"Invoice.lineItem.priceComponent.amount",0,1,"","ele-1:All FHIR elements must have a @value or children {hasValue() or (children().count() > id.count())}
","FT1.22"
"Invoice.totalPriceComponent","Invoice.totalPriceComponent","","","",0,1,"","","","null {[]} {[]}
","Components of Invoice total","Berisi data jumlah total untuk faktur yang dapat dihitung sebagai jumlah item baris dengan biaya tambahan/pengurangan yang berlaku dalam kondisi tertentu. Elemen priceComponent dapat digunakan untuk menawarkan transparansi kepada penerima faktur tentang bagaimana harga total dihitung dengan tipe data yang digunakan merujuk pada Invoice.lineItem.priceComponent.","","","","","","","","","",,,,,"",,,,"Invoice.totalPriceComponent",0,*,"","ele-1:All FHIR elements must have a @value or children {hasValue() or (children().count() > id.count())}
","EVN.5 or by domain",".participation[typeCode=PRF].role[scoper.determinerCode=INSTANCE]"
"Invoice.totalNet","Invoice.totalNet","","","",0,1,"","","Y","Money {[]} {[]}
","Net total of this Invoice","Berisi data total faktur, tidak termasuk pajak dengan tipe data Money.","There is no reason to carry the price in the instance of a ChargeItem unless circumstances require a manual override. The list prices or are usually defined in a back catalogue of the billing codes  (see ChargeItem.definition). Derived profiles may require a ChargeItem.overrideReason to be provided if either factor or price are manually overridden.","","","","","","","","",,,,,"",,,,"Invoice.totalNet",0,1,"","ele-1:All FHIR elements must have a @value or children {hasValue() or (children().count() > id.count())}
","FT1.22"
"Invoice.totalGross","Invoice.totalGross","","","",0,1,"","","Y","Money {[]} {[]}
","Gross total of this Invoice","Berisi data total faktur, termasuk pajak dengan tipe data Money.","There is no reason to carry the price in the instance of a ChargeItem unless circumstances require a manual override. The list prices or are usually defined in a back catalogue of the billing codes  (see ChargeItem.definition). Derived profiles may require a ChargeItem.overrideReason to be provided if either factor or price are manually overridden.","","","","","","","","",,,,,"",,,,"Invoice.totalGross",0,1,"","ele-1:All FHIR elements must have a @value or children {hasValue() or (children().count() > id.count())}
","FT1.22"
"Invoice.paymentTerms","Invoice.paymentTerms","","","",0,1,"","","","markdown {[]} {[]}
","Payment details","Berisi data detail pembayaran seperti detail perbankan, periode pembayaran, deductible, dan metode pembayaran dengan tipe data Markdown.","Derived Profiles may chose to add invariants requiring this field to be populated if either priceOverride or factorOverride have been filled.","","","","","","","","",,,,,"",,,,"Invoice.paymentTerms",0,1,"","ele-1:All FHIR elements must have a @value or children {hasValue() or (children().count() > id.count())}
"
"Invoice.note","Invoice.note","","","",0,1,"","","","Annotation {[]} {[]}
","Comments made about the invoice","Berisi data komentar yang dibuat terkait faktu oleh penerbit, subjek atau peserta lain dengan tipe data Annotation.","","","","","","","","","",,,,,"",,,,"Invoice.note",0,*,"","ele-1:All FHIR elements must have a @value or children {hasValue() or (children().count() > id.count())}
","NTE",".inboundRelationship(typeCode=SUBJ].source[classCode=ANNGEN, moodCode=EVN].value[xsi:type=ST]","Event.note"
