"Id","Path","Slice Name","Alias(s)","Label","Min","Max","Must Support?","Is Modifier?","Is Summary?","Type(s)","Short","Definition","Comments","Requirements","Default Value","Meaning When Missing","Fixed Value","Pattern","Example","Minimum Value","Maximum Value","Maximum Length","Binding Strength","Binding Description","Binding Value Set","Code","Slicing Discriminator","Slicing Description","Slicing Ordered","Slicing Rules","Base Path","Base Min","Base Max","Condition(s)","Constraint(s)","Mapping: Workflow Pattern","Mapping: FHIR Composition","Mapping: RIM Mapping","Mapping: CDA (R2)","Mapping: FiveWs Pattern Mapping","Mapping: HL7 v2 Mapping","Mapping: XDS metadata equivalent"
"DocumentReference","DocumentReference","","","",0,*,"","","","null {[]} {[]}
","A reference to a document","A reference to a document of any kind for any purpose. Provides metadata about the document so that the document can be discovered and managed. The scope of a document is any seralized object with a mime-type, so includes formal patient centric documents (CDA), cliical notes, scanned paper, and non-patient specific documents like policy text.","Usually, this is used for documents other than those defined by FHIR.","","","","","","","","",,,,,"",,,,"DocumentReference",0,*,"","dom-2:If the resource is contained in another resource, it SHALL NOT contain nested Resources {contained.contained.empty()}
dom-3:If the resource is contained in another resource, it SHALL be referred to from elsewhere in the resource or SHALL refer to the containing resource {contained.where((('#'+id in (%resource.descendants().reference | %resource.descendants().as(canonical) | %resource.descendants().as(uri) | %resource.descendants().as(url))) or descendants().where(reference = '#').exists() or descendants().where(as(canonical) = '#').exists() or descendants().where(as(canonical) = '#').exists()).not()).trace('unmatched', id).empty()}dom-4:If a resource is contained in another resource, it SHALL NOT have a meta.versionId or a meta.lastUpdated {contained.meta.versionId.empty() and contained.meta.lastUpdated.empty()}dom-5:If a resource is contained in another resource, it SHALL NOT have a security label {contained.meta.security.empty()}dom-6:A resource should have narrative for robust management {text.`div`.exists()}","Event","when describing a Composition","Entity. Role, or Act","Document[classCode=""DOC"" and moodCode=""EVN""]","when describing a CDA"
"DocumentReference.id","DocumentReference.id","","","",0,1,"","","Y","id {[]} {[]}
","Logical id of this artifact","The logical id of the resource, as used in the URL for the resource. Once assigned, this value never changes.","The only time that a resource does not have an id is when it is being submitted to the server using a create operation.","","","","","","","","",,,,,"",,,,"Resource.id",0,1,"",""
"DocumentReference.meta","DocumentReference.meta","","","",0,1,"","","Y","Meta {[]} {[]}
","Metadata about the resource","The metadata about the resource. This is content that is maintained by the infrastructure. Changes to the content might not always be associated with version changes to the resource.","","","","","","","","","",,,,,"",,,,"Resource.meta",0,1,"","ele-1:All FHIR elements must have a @value or children {hasValue() or (children().count() > id.count())}
"
"DocumentReference.implicitRules","DocumentReference.implicitRules","","","",0,1,"","Y","Y","uri {[]} {[]}
","A set of rules under which this content was created","A reference to a set of rules that were followed when the resource was constructed, and which must be understood when processing the content. Often, this is a reference to an implementation guide that defines the special rules along with other profiles etc.","Asserting this rule set restricts the content to be only understood by a limited set of trading partners. This inherently limits the usefulness of the data in the long term. However, the existing health eco-system is highly fractured, and not yet ready to define, collect, and exchange data in a generally computable sense. Wherever possible, implementers and/or specification writers should avoid using this element. Often, when used, the URL is a reference to an implementation guide that defines these special rules as part of it's narrative along with other profiles, value sets, etc.","","","","","","","","",,,,,"",,,,"Resource.implicitRules",0,1,"","ele-1:All FHIR elements must have a @value or children {hasValue() or (children().count() > id.count())}
"
"DocumentReference.language","DocumentReference.language","","","",0,1,"","","","code {[]} {[]}
","Language of the resource content","The base language in which the resource is written.","Language is provided to support indexing and accessibility (typically, services such as text to speech use the language tag). The html language tag in the narrative applies  to the narrative. The language tag on the resource may be used to specify the language of other presentations generated from the data in the resource. Not all the content has to be in the base language. The Resource.language should not be assumed to apply to the narrative automatically. If a language is specified, it should it also be specified on the div element in the html (see rules in HTML5 for information about the relationship between xml:lang and the html lang attribute).","","","","","","","","",,"preferred","A human language.","http://hl7.org/fhir/ValueSet/languages|4.0.1","",,,,"Resource.language",0,1,"","ele-1:All FHIR elements must have a @value or children {hasValue() or (children().count() > id.count())}
"
"DocumentReference.text","DocumentReference.text","","narrative
htmlxhtmldisplay","",0,1,"","","","Narrative {[]} {[]}
","Text summary of the resource, for human interpretation","A human-readable narrative that contains a summary of the resource and can be used to represent the content of the resource to a human. The narrative need not encode all the structured data, but is required to contain sufficient detail to make it ""clinically safe"" for a human to just read the narrative. Resource definitions may define what content should be represented in the narrative to ensure clinical safety.","Contained resources do not have narrative. Resources that are not contained SHOULD have a narrative. In some cases, a resource may only have text with little or no additional discrete data (as long as all minOccurs=1 elements are satisfied).  This may be necessary for data from legacy systems where information is captured as a ""text blob"" or where text is additionally entered raw or narrated and encoded information is added later.","","","","","","","","",,,,,"",,,,"DomainResource.text",0,1,"","ele-1:All FHIR elements must have a @value or children {hasValue() or (children().count() > id.count())}
","Act.text?"
"DocumentReference.contained","DocumentReference.contained","","inline resources
anonymous resourcescontained resources","",0,*,"","","","Resource {[]} {[]}
","Contained, inline Resources","These resources do not have an independent existence apart from the resource that contains them - they cannot be identified independently, and nor can they have their own independent transaction scope.","This should never be done when the content can be identified properly, as once identification is lost, it is extremely difficult (and context dependent) to restore it again. Contained resources may have profiles and tags In their meta elements, but SHALL NOT have security labels.","","","","","","","","",,,,,"",,,,"DomainResource.contained",0,*,"","","N/A"
"DocumentReference.extension","DocumentReference.extension","","extensions
user content","",0,*,"","","","Extension {[]} {[]}
","Additional content defined by implementations","May be used to represent additional information that is not part of the basic definition of the resource. To make the use of extensions safe and manageable, there is a strict set of governance  applied to the definition and use of extensions. Though any implementer can define an extension, there is a set of requirements that SHALL be met as part of the definition of the extension.","There can be no stigma associated with the use of extensions by any application, project, or standard - regardless of the institution or jurisdiction that uses or defines the extensions.  The use of extensions is what allows the FHIR specification to retain a core level of simplicity for everyone.","","","","","","","","",,,,,"",,,,"DomainResource.extension",0,*,"","ele-1:All FHIR elements must have a @value or children {hasValue() or (children().count() > id.count())}
ext-1:Must have either extensions or value[x], not both {extension.exists() != value.exists()}","N/A"
"DocumentReference.modifierExtension","DocumentReference.modifierExtension","","extensions
user content","",0,*,"","Y","","Extension {[]} {[]}
","Extensions that cannot be ignored","May be used to represent additional information that is not part of the basic definition of the resource and that modifies the understanding of the element that contains it and/or the understanding of the containing element's descendants. Usually modifier elements provide negation or qualification. To make the use of extensions safe and manageable, there is a strict set of governance applied to the definition and use of extensions. Though any implementer is allowed to define an extension, there is a set of requirements that SHALL be met as part of the definition of the extension. Applications processing a resource are required to check for modifier extensions.

Modifier extensions SHALL NOT change the meaning of any elements on Resource or DomainResource (including cannot change the meaning of modifierExtension itself).","There can be no stigma associated with the use of extensions by any application, project, or standard - regardless of the institution or jurisdiction that uses or defines the extensions.  The use of extensions is what allows the FHIR specification to retain a core level of simplicity for everyone.","Modifier extensions allow for extensions that *cannot* be safely ignored to be clearly distinguished from the vast majority of extensions which can be safely ignored.  This promotes interoperability by eliminating the need for implementers to prohibit the presence of extensions. For further information, see the [definition of modifier extensions](http://hl7.org/fhir/R4/extensibility.html#modifierExtension).","","","","","","","",,,,,"",,,,"DomainResource.modifierExtension",0,*,"","ele-1:All FHIR elements must have a @value or children {hasValue() or (children().count() > id.count())}
ext-1:Must have either extensions or value[x], not both {extension.exists() != value.exists()}","N/A"
"DocumentReference.masterIdentifier","DocumentReference.masterIdentifier","","","",0,1,"","","Y","Identifier {[]} {[]}
","Master Version Specific Identifier","Document identifier as assigned by the source of the document. This identifier is specific to this version of the document. This unique identifier may be used elsewhere to identify this version of the document.","CDA Document Id extension and root.","The structure and format of this Id shall be consistent with the specification corresponding to the formatCode attribute. (e.g. for a DICOM standard document a 64-character numeric UID, for an HL7 CDA format a serialization of the CDA Document Id extension and root in the form ""oid^extension"", where OID is a 64 digits max, and the Id is a 16 UTF-8 char max. If the OID is coded without the extension then the '^' character shall not be included.).","","","","","","","",,,,,"",,,,"DocumentReference.masterIdentifier",0,1,"","ele-1:All FHIR elements must have a @value or children {hasValue() or (children().count() > id.count())}
","Event.identifier","Composition.identifier",".id","ClinicalDocument/id","FiveWs.identifier","TXA-12","DocumentEntry.uniqueId"
"DocumentReference.identifier","DocumentReference.identifier","","","",0,*,"","","Y","Identifier {[]} {[]}
","Other identifiers for the document","Berisi satu atau lebih daftar data mengenai ID internal faskes untuk suatu referensi dokumen. Ini adalah ID resmi yang diterbitkan oleh faskes untuk menandai referensi dokumen yang berhubungan dengan pasien, yang setiap datanya direpresentasikan dengan tipe data Identifier.","","","","","","","","","",,,,,"",,,,"DocumentReference.identifier",0,*,"","ele-1:All FHIR elements must have a @value or children {hasValue() or (children().count() > id.count())}
","Event.identifier",".id / .setId","FiveWs.identifier","TXA-16?","DocumentEntry.entryUUID"
"DocumentReference.status","DocumentReference.status","","","",1,1,"","Y","Y","code {[]} {[]}
","current | superseded | entered-in-error","Berisi data mengenai status dari referensi dokumen dengan tipe data code yang mengacu pada DocumentReferenceStatus.","This is the status of the DocumentReference object, which might be independent from the docStatus element.

This element is labeled as a modifier because the status contains the codes that mark the document or reference as not currently valid.","","","","","","","","",,"required","The status of the document reference.","http://hl7.org/fhir/ValueSet/document-reference-status|4.0.1","",,,,"DocumentReference.status",1,1,"","ele-1:All FHIR elements must have a @value or children {hasValue() or (children().count() > id.count())}
","Event.status","interim: .completionCode=""IN"" & ./statusCode[isNormalDatatype()]=""active"";  final: .completionCode=""AU"" &&  ./statusCode[isNormalDatatype()]=""complete"" and not(./inboundRelationship[typeCode=""SUBJ"" and isNormalActRelationship()]/source[subsumesCode(""ActClass#CACT"") and moodCode=""EVN"" and domainMember(""ReviseDocument"", code) and isNormalAct()]);  amended: .completionCode=""AU"" &&  ./statusCode[isNormalDatatype()]=""complete"" and ./inboundRelationship[typeCode=""SUBJ"" and isNormalActRelationship()]/source[subsumesCode(""ActClass#CACT"") and moodCode=""EVN"" and domainMember(""ReviseDocument"", code) and isNormalAct() and statusCode=""completed""];  withdrawn : .completionCode=NI &&  ./statusCode[isNormalDatatype()]=""obsolete""","FiveWs.status","TXA-19","DocumentEntry.availabilityStatus"
"DocumentReference.docStatus","DocumentReference.docStatus","","","",0,1,"","","Y","code {[]} {[]}
","preliminary | final | amended | entered-in-error","Berisi data mengenai status dari dokumen yang diacu oleh referensi dokumen dengan tipe data code yang mengacu pada CompositionStatus.","The document that is pointed to might be in various lifecycle states.","","","","","","","","",,"required","Status of the underlying document.","http://hl7.org/fhir/ValueSet/composition-status|4.0.1","",,,,"DocumentReference.docStatus",0,1,"","ele-1:All FHIR elements must have a @value or children {hasValue() or (children().count() > id.count())}
","Composition.status",".statusCode","FiveWs.status","TXA-17"
"DocumentReference.type","DocumentReference.type","","","",0,1,"","","Y","CodeableConcept {[]} {[]}
","Kind of document (LOINC if possible)","Berisi data jenis atau kategori dari dokumen yang direferensikan dengan tipe data CodeableConcept.","Key metadata element describing the document that describes he exact type of document. Helps humans to assess whether the document is of interest when viewing a list of documents.","","","","","","","","",,"preferred","Precise type of clinical document.","http://hl7.org/fhir/ValueSet/c80-doc-typecodes|4.0.1","",,,,"DocumentReference.type",0,1,"","ele-1:All FHIR elements must have a @value or children {hasValue() or (children().count() > id.count())}
","Event.code","Composition.type","./code","ClinicalDocument/code/@code 

The typeCode should be mapped from the ClinicalDocument/code element to a set of document type codes configured in the affinity domain. One suggested coding system to use for typeCode is LOINC, in which case the mapping step can be omitted.","FiveWs.class","TXA-2","DocumentEntry.type"
"DocumentReference.category","DocumentReference.category","","claxs
","",0,*,"","","Y","CodeableConcept {[]} {[]}
","Categorization of document","Berisi kode kategori atau klasifikasi tambahan untuk dokumen dengan tipe data CodeableConcept.","Key metadata element describing the the category or classification of the document. This is a broader perspective that groups similar documents based on how they would be used. This is a primary key used in searching.","","","","","","","","",,"example","High-level kind of a clinical document at a macro level.","http://hl7.org/fhir/ValueSet/document-classcodes|4.0.1","",,,,"DocumentReference.category",0,*,"","ele-1:All FHIR elements must have a @value or children {hasValue() or (children().count() > id.count())}
","Composition.class",".outboundRelationship[typeCode=""COMP].target[classCode=""LIST"", moodCode=""EVN""].code","Derived from a mapping of /ClinicalDocument/code/@code to an Affinity Domain specified coded value to use and coding system. Affinity Domains are encouraged to use the appropriate value for Type of Service, based on the LOINC Type of Service (see Page 53 of the LOINC User's Manual). Must be consistent with /ClinicalDocument/code/@code","FiveWs.class","DocumentEntry.class"
"DocumentReference.subject","DocumentReference.subject","","","",1,1,"","","Y","Reference {[]} {[CanonicalType[http://hl7.org/fhir/StructureDefinition/Patient], CanonicalType[http://hl7.org/fhir/StructureDefinition/Group], CanonicalType[http://hl7.org/fhir/StructureDefinition/Device], CanonicalType[http://hl7.org/fhir/StructureDefinition/Practitioner]]}
","Who/what is the subject of the document","Berisi data pasien yang memiliki referensi dokumen tersebut yang menggunakan resources Patient dengan tipe data Reference, yang direferensikan ke data yang tersimpan di resources Patient | Group | Device | Practitioner, yang nilainya memiliki format: 'Patient/{patient-ihs-number}' Di mana isi dari parameter {patient-ihs-number} adalah ID Patient yang didapatkan dari master pasien indeks.","","","","","","","","","",,,,,"",,,,"DocumentReference.subject",0,1,"","ele-1:All FHIR elements must have a @value or children {hasValue() or (children().count() > id.count())}
","Event.subject","Composition.subject",".participation[typeCode=""SBJ""].role[typeCode=""PAT""]","ClinicalDocument/recordTarget/","FiveWs.subject[x]","FiveWs.subject","PID-3 (No standard way to define a Practitioner or Group subject in HL7 v2 MDM message)","DocumentEntry.patientId"
"DocumentReference.date","DocumentReference.date","","indexed
","",0,1,"","","Y","instant {[]} {[]}
","When this document reference was created","Berisi data waktu informasi tanggal terkait dengan dokumen yang direferensikan dengan tipe data dateTime, dengan format yang diperbolehkan YYYY-MM-DDThh:mm:ss+zz:zz.","Referencing/indexing time is used for tracking, organizing versions and searching.","","","","","","","","",,,,,"",,,,"DocumentReference.date",0,1,"","ele-1:All FHIR elements must have a @value or children {hasValue() or (children().count() > id.count())}
","Event.occurrence[x]","Composition.date",".availabilityTime[type=""TS""]","FiveWs.recorded"
"DocumentReference.author","DocumentReference.author","","","",0,*,"","","Y","Reference {[]} {[CanonicalType[http://hl7.org/fhir/StructureDefinition/Practitioner|4.0.1], CanonicalType[http://hl7.org/fhir/StructureDefinition/PractitionerRole|4.0.1], CanonicalType[http://hl7.org/fhir/StructureDefinition/Organization|4.0.1], CanonicalType[http://hl7.org/fhir/StructureDefinition/Device|4.0.1], CanonicalType[http://hl7.org/fhir/StructureDefinition/Patient|4.0.1], CanonicalType[http://hl7.org/fhir/StructureDefinition/RelatedPerson|4.0.1]]}
","Who and/or what authored the document","Berisi data terkait yang bertanggung jawab untuk menyatakan dokumen referensi sebagai suatu entitas yang 'benar' yang menggunakan resources Practitioner dengan tipe data Reference, yang direferensikan ke data yang tersimpan di resources Practitioner | PractitionerRole | Organization | Device | Patient | RelatedPerson, yang nilainya memiliki format: 'Practitioner/{practitioner-ihs-number}' Dimana isi dari parameter {practitioner-ihs-number} adalah ID Nakes yang didapatkan dari master practitioner indeks.","Not necessarily who did the actual data entry (i.e. typist) or who was the source (informant).","","","","","","","","",,,,,"",,,,"DocumentReference.author",0,*,"","ele-1:All FHIR elements must have a @value or children {hasValue() or (children().count() > id.count())}
","Event.performer.actor","Composition.author",".participation[typeCode=""AUT""].role[classCode=""ASSIGNED""]","ClinicalDocument/author","TXA-9 (No standard way to indicate a Device in HL7 v2 MDM message)","DocumentEntry.author"
"DocumentReference.authenticator","DocumentReference.authenticator","","","",0,1,"","","","Reference {[]} {[CanonicalType[http://hl7.org/fhir/StructureDefinition/Practitioner|4.0.1], CanonicalType[http://hl7.org/fhir/StructureDefinition/PractitionerRole|4.0.1], CanonicalType[http://hl7.org/fhir/StructureDefinition/Organization|4.0.1]]}
","Who/what authenticated the document","Berisi data terkait organisasi/individu yang bertanggung jawab atas otentikasi dokumen yang direferensikan ke data yang tersimpan di resources Practitioner | PractitionerRole | Organization","Represents a participant within the author institution who has legally authenticated or attested the document. Legal authentication implies that a document has been signed manually or electronically by the legal Authenticator.","","","","","","","","",,,,,"",,,,"DocumentReference.authenticator",0,1,"","ele-1:All FHIR elements must have a @value or children {hasValue() or (children().count() > id.count())}
","Event.performer.actor","Composition.attester",".participation[typeCode=""AUTHEN""].role[classCode=""ASSIGNED""]","ClinicalDocument/legalAuthenticator","FiveWs.witness","TXA-10","DocumentEntry.legalAuthenticator"
"DocumentReference.custodian","DocumentReference.custodian","","","",0,1,"","","","Reference {[]} {[CanonicalType[http://hl7.org/fhir/StructureDefinition/Organization|4.0.1]]}
","Organization which maintains the document","Berisi data terkait organisasi yang bertanggung jawab atas pengelolaan atau penyimpanan referensi dokumen tersebut yang menggunakan resources Organization dengan tipe data Reference.","Identifies the logical organization (software system, vendor, or department) to go to find the current version, where to report issues, etc. This is different from the physical location (URL, disk drive, or server) of the document, which is the technical location of the document, which host may be delegated to the management of some other organization.","","","","","","","","",,,,,"",,,,"DocumentReference.custodian",0,1,"","ele-1:All FHIR elements must have a @value or children {hasValue() or (children().count() > id.count())}
","Event.performer.actor","Composition.custodian",".participation[typeCode=""RCV""].role[classCode=""CUST""].scoper[classCode=""ORG"" and determinerCode=""INST""]"
"DocumentReference.relatesTo","DocumentReference.relatesTo","","","",0,*,"","","Y","BackboneElement {[]} {[]}
","Relationships to other documents","Berisi data atau informasi yang dimiliki dokumen dengan referensi dokumen lain yang sudah ada dengan tipe data BackboneElement.","This element is labeled as a modifier because documents that append to other documents are incomplete on their own.","","","","","","","","",,,,,"",,,,"DocumentReference.relatesTo",0,*,"","ele-1:All FHIR elements must have a @value or children {hasValue() or (children().count() > id.count())}
","Composition.relatesTo",".outboundRelationship","DocumentEntry Associations"
"DocumentReference.relatesTo.id","DocumentReference.relatesTo.id","","","",0,1,"","","","string {[]} {[]}
","Unique id for inter-element referencing","Unique id for the element within a resource (for internal references). This may be any string value that does not contain spaces.","","","","","","","","","",,,,,"",,,,"Element.id",0,1,"","","n/a"
"DocumentReference.relatesTo.extension","DocumentReference.relatesTo.extension","","extensions
user content","",0,*,"","","","Extension {[]} {[]}
","Additional content defined by implementations","May be used to represent additional information that is not part of the basic definition of the element. To make the use of extensions safe and manageable, there is a strict set of governance  applied to the definition and use of extensions. Though any implementer can define an extension, there is a set of requirements that SHALL be met as part of the definition of the extension.","There can be no stigma associated with the use of extensions by any application, project, or standard - regardless of the institution or jurisdiction that uses or defines the extensions.  The use of extensions is what allows the FHIR specification to retain a core level of simplicity for everyone.","","","","","","","","",,,,,"",,,,"Element.extension",0,*,"","ele-1:All FHIR elements must have a @value or children {hasValue() or (children().count() > id.count())}
ext-1:Must have either extensions or value[x], not both {extension.exists() != value.exists()}","n/a"
"DocumentReference.relatesTo.modifierExtension","DocumentReference.relatesTo.modifierExtension","","extensions
user contentmodifiers","",0,*,"","Y","Y","Extension {[]} {[]}
","Extensions that cannot be ignored even if unrecognized","May be used to represent additional information that is not part of the basic definition of the element and that modifies the understanding of the element in which it is contained and/or the understanding of the containing element's descendants. Usually modifier elements provide negation or qualification. To make the use of extensions safe and manageable, there is a strict set of governance applied to the definition and use of extensions. Though any implementer can define an extension, there is a set of requirements that SHALL be met as part of the definition of the extension. Applications processing a resource are required to check for modifier extensions.

Modifier extensions SHALL NOT change the meaning of any elements on Resource or DomainResource (including cannot change the meaning of modifierExtension itself).","There can be no stigma associated with the use of extensions by any application, project, or standard - regardless of the institution or jurisdiction that uses or defines the extensions.  The use of extensions is what allows the FHIR specification to retain a core level of simplicity for everyone.","Modifier extensions allow for extensions that *cannot* be safely ignored to be clearly distinguished from the vast majority of extensions which can be safely ignored.  This promotes interoperability by eliminating the need for implementers to prohibit the presence of extensions. For further information, see the [definition of modifier extensions](http://hl7.org/fhir/R4/extensibility.html#modifierExtension).","","","","","","","",,,,,"",,,,"BackboneElement.modifierExtension",0,*,"","ele-1:All FHIR elements must have a @value or children {hasValue() or (children().count() > id.count())}
ext-1:Must have either extensions or value[x], not both {extension.exists() != value.exists()}","N/A"
"DocumentReference.relatesTo.code","DocumentReference.relatesTo.code","","","",1,1,"","","Y","code {[]} {[]}
","replaces | transforms | signs | appends","Berisi data kode atau identifikasi untuk jenis hubungan atau keterkaitan antara dokumen yang direferensikan dengan entitas lain.","If this document appends another document, then the document cannot be fully understood without also accessing the referenced document.","","","","","","","","",,"required","The type of relationship between documents.","http://hl7.org/fhir/ValueSet/document-relationship-type|4.0.1","",,,,"DocumentReference.relatesTo.code",1,1,"","ele-1:All FHIR elements must have a @value or children {hasValue() or (children().count() > id.count())}
","Composition.relatesTo.code",".outboundRelationship.typeCode","DocumentEntry Associations type"
"DocumentReference.relatesTo.target","DocumentReference.relatesTo.target","","","",1,1,"","","Y","Reference {[]} {[CanonicalType[http://hl7.org/fhir/StructureDefinition/DocumentReference|4.0.1]]}
","Target of the relationship","Berisi data tentang target atau tujuan dari hubungan atau keterkaitan dokumen referensi lainnya dengan tipe data Reference ke resource DocumentReference","","","","","","","","","",,,,,"",,,,"DocumentReference.relatesTo.target",1,1,"","ele-1:All FHIR elements must have a @value or children {hasValue() or (children().count() > id.count())}
","Composition.relatesTo.target",".target[classCode=""DOC"", moodCode=""EVN""].id","DocumentEntry Associations reference"
"DocumentReference.description","DocumentReference.description","","","",0,1,"","","Y","string {[]} {[]}
","Human-readable description","Berisi data deskripsi atau catatan tambahan tentang referensi dokumen tersebut.","What the document is about,  a terse summary of the document.","Helps humans to assess whether the document is of interest.","","","","","","","",,,,,"",,,,"DocumentReference.description",0,1,"","ele-1:All FHIR elements must have a @value or children {hasValue() or (children().count() > id.count())}
",".outboundRelationship[typeCode=""SUBJ""].target.text","TXA-25","DocumentEntry.comments"
"DocumentReference.securityLabel","DocumentReference.securityLabel","","","",0,*,"","","Y","CodeableConcept {[]} {[]}
","Document security-tags","Berisi data label keamanan atau informasi tambahan tentang keamanan dokumen yang direferensikan.","The confidentiality codes can carry multiple vocabulary items. HL7 has developed an understanding of security and privacy tags that might be desirable in a Document Sharing environment, called HL7 Healthcare Privacy and Security Classification System (HCS). The following specification is recommended but not mandated, as the vocabulary bindings are an administrative domain responsibility. The use of this method is up to the policy domain such as the XDS Affinity Domain or other Trust Domain where all parties including sender and recipients are trusted to appropriately tag and enforce.   

In the HL7 Healthcare Privacy and Security Classification (HCS) there are code systems specific to Confidentiality, Sensitivity, Integrity, and Handling Caveats. Some values would come from a local vocabulary as they are related to workflow roles and special projects.","Use of the Health Care Privacy/Security Classification (HCS) system of security-tag use is recommended.","","","","","","","",,"extensible","Security Labels from the Healthcare Privacy and Security Classification System.","http://hl7.org/fhir/ValueSet/security-labels|4.0.1","",,,,"DocumentReference.securityLabel",0,*,"","ele-1:All FHIR elements must have a @value or children {hasValue() or (children().count() > id.count())}
","Composition.confidentiality, Composition.meta.security",".confidentialityCode","ClinicalDocument/confidentialityCode/@code","TXA-18","DocumentEntry.confidentialityCode"
"DocumentReference.content","DocumentReference.content","","","",1,*,"","","Y","BackboneElement {[]} {[]}
","Document referenced","The document and format referenced. There may be multiple content element repetitions, each with a different format.","","","","","","","","","",,,,,"",,,,"DocumentReference.content",1,*,"","ele-1:All FHIR elements must have a @value or children {hasValue() or (children().count() > id.count())}
","Bundle(Composition+*)","document.text"
"DocumentReference.content.id","DocumentReference.content.id","","","",0,1,"","","","string {[]} {[]}
","Unique id for inter-element referencing","Unique id for the element within a resource (for internal references). This may be any string value that does not contain spaces.","","","","","","","","","",,,,,"",,,,"Element.id",0,1,"","","n/a"
"DocumentReference.content.extension","DocumentReference.content.extension","","extensions
user content","",0,*,"","","","Extension {[]} {[]}
","Additional content defined by implementations","May be used to represent additional information that is not part of the basic definition of the element. To make the use of extensions safe and manageable, there is a strict set of governance  applied to the definition and use of extensions. Though any implementer can define an extension, there is a set of requirements that SHALL be met as part of the definition of the extension.","There can be no stigma associated with the use of extensions by any application, project, or standard - regardless of the institution or jurisdiction that uses or defines the extensions.  The use of extensions is what allows the FHIR specification to retain a core level of simplicity for everyone.","","","","","","","","",,,,,"",,,,"Element.extension",0,*,"","ele-1:All FHIR elements must have a @value or children {hasValue() or (children().count() > id.count())}
ext-1:Must have either extensions or value[x], not both {extension.exists() != value.exists()}","n/a"
"DocumentReference.content.modifierExtension","DocumentReference.content.modifierExtension","","extensions
user contentmodifiers","",0,*,"","Y","Y","Extension {[]} {[]}
","Extensions that cannot be ignored even if unrecognized","May be used to represent additional information that is not part of the basic definition of the element and that modifies the understanding of the element in which it is contained and/or the understanding of the containing element's descendants. Usually modifier elements provide negation or qualification. To make the use of extensions safe and manageable, there is a strict set of governance applied to the definition and use of extensions. Though any implementer can define an extension, there is a set of requirements that SHALL be met as part of the definition of the extension. Applications processing a resource are required to check for modifier extensions.

Modifier extensions SHALL NOT change the meaning of any elements on Resource or DomainResource (including cannot change the meaning of modifierExtension itself).","There can be no stigma associated with the use of extensions by any application, project, or standard - regardless of the institution or jurisdiction that uses or defines the extensions.  The use of extensions is what allows the FHIR specification to retain a core level of simplicity for everyone.","Modifier extensions allow for extensions that *cannot* be safely ignored to be clearly distinguished from the vast majority of extensions which can be safely ignored.  This promotes interoperability by eliminating the need for implementers to prohibit the presence of extensions. For further information, see the [definition of modifier extensions](http://hl7.org/fhir/R4/extensibility.html#modifierExtension).","","","","","","","",,,,,"",,,,"BackboneElement.modifierExtension",0,*,"","ele-1:All FHIR elements must have a @value or children {hasValue() or (children().count() > id.count())}
ext-1:Must have either extensions or value[x], not both {extension.exists() != value.exists()}","N/A"
"DocumentReference.content.attachment","DocumentReference.content.attachment","","","",1,1,"","","Y","Attachment {[]} {[]}
","Where to access the document","Berisi data yang merepresentasikan konten dari dokumen itu sendiri. 'attachment' merujuk pada tipe data yang digunakan untuk merepresentasikan konten dokumen. Ini biasanya berupa lampiran (attachment) yang berisi data biner (seperti file PDF, gambar, dll.) atau referensi URI yang mengarahkan ke sumber eksternal konten dokumen.","","","","","","","","","",,,,,"",,,,"DocumentReference.content.attachment",1,1,"","ele-1:All FHIR elements must have a @value or children {hasValue() or (children().count() > id.count())}
","Composition.language, 
Composition.title, 
Composition.date","document.text","ClinicalDocument/languageCode, ClinicalDocument/title, ClinicalDocument/date","TXA-3 for mime type","DocumentEntry.mimeType, DocumentEntry.languageCode, DocumentEntry.URI, DocumentEntry.size, DocumentEntry.hash, DocumentEntry.title, DocumentEntry.creationTime"
"DocumentReference.content.format","DocumentReference.content.format","","","",0,1,"","","Y","Coding {[]} {[]}
","Format/content rules for the document","Berisi data yang format atau jenis dari konten dokumen. 'Format' mendefinisikan tipe MIME (Multipurpose Internet Mail Extensions) dari konten dokumen. Contoh nilai untuk format mungkin adalah 'application/pdf' untuk dokumen PDF, 'image/jpeg' untuk gambar JPEG, atau tipe MIME lainnya yang sesuai dengan jenis konten dokumen.","Note that while IHE mostly issues URNs for format types, not all documents can be identified by a URI.","","","","","","","","",,"preferred","Document Format Codes.","http://hl7.org/fhir/ValueSet/formatcodes|4.0.1","",,,,"DocumentReference.content.format",0,1,"","ele-1:All FHIR elements must have a @value or children {hasValue() or (children().count() > id.count())}
","Composition.meta.profile","document.text","derived from the IHE Profile or Implementation Guide templateID","DocumentEntry.formatCode"
"DocumentReference.context","DocumentReference.context","","","",0,1,"","","Y","BackboneElement {[]} {[]}
","Clinical context of document","Berisi data atau informasi yang menjelaskan pertemuan klinis atau jenis perawatan yang berkaitan dengan isi dokumen, dengan tipe data Reference yang direferensikan ke data yang tersimpan di resources Appointment | Encounter | EpisodeOfCare.","These values are primarily added to help with searching for interesting/relevant documents.","","","","","","","","",,,,,"",,,,"DocumentReference.context",0,1,"","ele-1:All FHIR elements must have a @value or children {hasValue() or (children().count() > id.count())}
","outboundRelationship[typeCode=""SUBJ""].target[classCode<'ACT']"
"DocumentReference.context.id","DocumentReference.context.id","","","",0,1,"","","","string {[]} {[]}
","Unique id for inter-element referencing","Unique id for the element within a resource (for internal references). This may be any string value that does not contain spaces.","","","","","","","","","",,,,,"",,,,"Element.id",0,1,"","","n/a"
"DocumentReference.context.extension","DocumentReference.context.extension","","extensions
user content","",0,*,"","","","Extension {[]} {[]}
","Additional content defined by implementations","May be used to represent additional information that is not part of the basic definition of the element. To make the use of extensions safe and manageable, there is a strict set of governance  applied to the definition and use of extensions. Though any implementer can define an extension, there is a set of requirements that SHALL be met as part of the definition of the extension.","There can be no stigma associated with the use of extensions by any application, project, or standard - regardless of the institution or jurisdiction that uses or defines the extensions.  The use of extensions is what allows the FHIR specification to retain a core level of simplicity for everyone.","","","","","","","","",,,,,"",,,,"Element.extension",0,*,"","ele-1:All FHIR elements must have a @value or children {hasValue() or (children().count() > id.count())}
ext-1:Must have either extensions or value[x], not both {extension.exists() != value.exists()}","n/a"
"DocumentReference.context.modifierExtension","DocumentReference.context.modifierExtension","","extensions
user contentmodifiers","",0,*,"","Y","Y","Extension {[]} {[]}
","Extensions that cannot be ignored even if unrecognized","May be used to represent additional information that is not part of the basic definition of the element and that modifies the understanding of the element in which it is contained and/or the understanding of the containing element's descendants. Usually modifier elements provide negation or qualification. To make the use of extensions safe and manageable, there is a strict set of governance applied to the definition and use of extensions. Though any implementer can define an extension, there is a set of requirements that SHALL be met as part of the definition of the extension. Applications processing a resource are required to check for modifier extensions.

Modifier extensions SHALL NOT change the meaning of any elements on Resource or DomainResource (including cannot change the meaning of modifierExtension itself).","There can be no stigma associated with the use of extensions by any application, project, or standard - regardless of the institution or jurisdiction that uses or defines the extensions.  The use of extensions is what allows the FHIR specification to retain a core level of simplicity for everyone.","Modifier extensions allow for extensions that *cannot* be safely ignored to be clearly distinguished from the vast majority of extensions which can be safely ignored.  This promotes interoperability by eliminating the need for implementers to prohibit the presence of extensions. For further information, see the [definition of modifier extensions](http://hl7.org/fhir/R4/extensibility.html#modifierExtension).","","","","","","","",,,,,"",,,,"BackboneElement.modifierExtension",0,*,"","ele-1:All FHIR elements must have a @value or children {hasValue() or (children().count() > id.count())}
ext-1:Must have either extensions or value[x], not both {extension.exists() != value.exists()}","N/A"
"DocumentReference.context.encounter","DocumentReference.context.encounter","","","",0,*,"","","","Reference {[]} {[CanonicalType[http://hl7.org/fhir/StructureDefinition/Encounter]]}
","Context of the document  content","Berisi data yang format atau jenis dari konten dokumen. 'Format' mendefinisikan tipe MIME (Multipurpose Internet Mail Extensions) dari konten dokumen. Contoh nilai untuk format mungkin adalah 'application/pdf' untuk dokumen PDF, 'image/jpeg' untuk gambar JPEG, atau tipe MIME lainnya yang sesuai dengan jenis konten dokumen.","","","","","","","","","",,,,,"",,,,"DocumentReference.context.encounter",0,*,"","ele-1:All FHIR elements must have a @value or children {hasValue() or (children().count() > id.count())}
","Event.context","Composition.encounter","unique(highest(./outboundRelationship[typeCode=""SUBJ"" and isNormalActRelationship()], priorityNumber)/target[moodCode=""EVN"" and classCode=(""ENC"", ""PCPR"") and isNormalAct])","FiveWs.context"
"DocumentReference.context.event","DocumentReference.context.event","","","",0,*,"","","","CodeableConcept {[]} {[]}
","Main clinical acts documented","Berisi data peristiwa atau kejadian yang terkait dengan dokumen yang direferensikan. Informasi ini memberikan konteks tentang kejadian atau kondisi klinis yang menjadi dasar untuk pembuatan atau penerapan dokumen tersebut.","An event can further specialize the act inherent in the type, such as  where it is simply ""Procedure Report"" and the procedure was a ""colonoscopy"". If one or more event codes are included, they shall not conflict with the values inherent in the class or type elements as such a conflict would create an ambiguous situation.","","","","","","","","",,"example","This list of codes represents the main clinical acts being documented.","http://terminology.hl7.org/ValueSet/v3-ActCode","",,,,"DocumentReference.context.event",0,*,"","ele-1:All FHIR elements must have a @value or children {hasValue() or (children().count() > id.count())}
","Composition.event.code",".code","DocumentEntry.eventCodeList"
"DocumentReference.context.period","DocumentReference.context.period","","","",0,1,"","","Y","Period {[]} {[]}
","Time of service that is being documented","The time period over which the service that is described by the document was provided.","","","","","","","","","",,,,,"",,,,"DocumentReference.context.period",0,1,"","ele-1:All FHIR elements must have a @value or children {hasValue() or (children().count() > id.count())}
","Composition.event.period",".effectiveTime","ClinicalDocument/documentationOf/
serviceEvent/effectiveTime/low/
@value --> ClinicalDocument/documentationOf/
serviceEvent/effectiveTime/high/
@value","DocumentEntry.serviceStartTime, DocumentEntry.serviceStopTime"
"DocumentReference.context.facilityType","DocumentReference.context.facilityType","","","",0,1,"","","","CodeableConcept {[]} {[]}
","Kind of facility where patient was seen","Berisi data kode atau deskripsi yang menunjukkan jenis fasilitas dimana dokumen tersebut dihasilkan atau digunakan. Ini memberikan konteks tambahan tentang lingkungan atau konteks di mana dokumen itu relevan.","","","","","","","","","",,"example","XDS Facility Type.","http://hl7.org/fhir/ValueSet/c80-facilitycodes|4.0.1","",,,,"DocumentReference.context.facilityType",0,1,"","ele-1:All FHIR elements must have a @value or children {hasValue() or (children().count() > id.count())}
","usually from a mapping to a local ValueSet",".participation[typeCode=""LOC""].role[classCode=""DSDLOC""].code","usually a mapping to a local ValueSet. Must be consistent with /clinicalDocument/code","DocumentEntry.healthcareFacilityTypeCode"
"DocumentReference.context.practiceSetting","DocumentReference.context.practiceSetting","","","",0,1,"","","","CodeableConcept {[]} {[]}
","Additional details about where the content was created (e.g. clinical specialty)","Berisi data praktik atau spesialisasi yang terkait dengan dokumen yang direferensikan.","This element should be based on a coarse classification system for the class of specialty practice. Recommend the use of the classification system for Practice Setting, such as that described by the Subject Matter Domain in LOINC.","This is an important piece of metadata that providers often rely upon to quickly sort and/or filter out to find specific content.","","","","","","","",,"example","Additional details about where the content was created (e.g. clinical specialty).","http://hl7.org/fhir/ValueSet/c80-practice-codes|4.0.1","",,,,"DocumentReference.context.practiceSetting",0,1,"","ele-1:All FHIR elements must have a @value or children {hasValue() or (children().count() > id.count())}
","usually from a mapping to a local ValueSet",".participation[typeCode=""LOC""].role[classCode=""DSDLOC""].code","usually from a mapping to a local ValueSet","DocumentEntry.practiceSettingCode"
"DocumentReference.context.sourcePatientInfo","DocumentReference.context.sourcePatientInfo","","","",0,1,"","","","Reference {[]} {[CanonicalType[http://hl7.org/fhir/StructureDefinition/Patient|4.0.1]]}
","Patient demographics from source","Berisi data terkait informasi tentang pasien yang diambil dari sumber yang menghasilkan dokumen atau yang memiliki pengetahuan langsung tentang pasien dengan tipe data Reference ke resource Patient","","","","","","","","","",,,,,"",,,,"DocumentReference.context.sourcePatientInfo",0,1,"","ele-1:All FHIR elements must have a @value or children {hasValue() or (children().count() > id.count())}
","Composition.subject",".participation[typeCode=""SBJ""].role[typeCode=""PAT""]","ClinicalDocument/recordTarget/","DocumentEntry.sourcePatientInfo, DocumentEntry.sourcePatientId"
"DocumentReference.context.related","DocumentReference.context.related","","","",0,*,"","","","Reference {[]} {[CanonicalType[http://hl7.org/fhir/StructureDefinition/Resource|4.0.1]]}
","Related identifiers or resources","Berisi data dokumen lain yang terkait dengan dokumen yang sedang dirujuk dalam konteks tertentu. 'related' berisi daftar referensi ke resources lain yang terkait dengan referensi dokumen.","May be identifiers or resources that caused the DocumentReference or referenced Document to be created.","","","","","","","","",,,,,"",,,,"DocumentReference.context.related",0,*,"","ele-1:All FHIR elements must have a @value or children {hasValue() or (children().count() > id.count())}
","Composition.event.detail","./outboundRelationship[typeCode=""PERT"" and isNormalActRelationship()] / target[isNormalAct]","ClinicalDocument/relatedDocument","DocumentEntry.referenceIdList"
