URL,Version,Status,OIDs,Name,Title,Description,Uses,Used,Sources
http://dicom.nema.org/medical/dicom/current/output/chtml/part16/sect_CID_29.html,2025.3.20250714,active,"1.2.840.10008.6.1.19",AcquisitionModality,,"Transitive closure of CID 29 AcquisitionModality","StructureDefinition/SatuSehatImagingStudy","DICOM"
http://hl7.org/fhir/ValueSet/account-status,4.0.1,draft,"2.16.840.1.113883.4.642.3.726",AccountStatus,AccountStatus,"Indicates whether the account is available to be used.","StructureDefinition/SatuSehatAccount","hl7.fhir.r4.core"
http://hl7.org/fhir/ValueSet/account-type,4.0.1,draft,"2.16.840.1.113883.4.642.3.728",AccountTypes,Account Types,"This examples value set defines the set of codes that can be used to represent the type of an account.","StructureDefinition/SatuSehatAccount","THO (V3)"
http://hl7.org/fhir/ValueSet/address-type,4.0.1,active,"2.16.840.1.113883.4.642.3.69",AddressType,AddressType,"The type of an address (physical / postal).","StructureDefinition/SatuSehatPractitioner,StructureDefinition/BirthPlace,StructureDefinition/SatuSehatAddress,StructureDefinition/SatuSehatPatient","hl7.fhir.r4.core"
http://hl7.org/fhir/ValueSet/address-use,4.0.1,active,"2.16.840.1.113883.4.642.3.67",AddressUse,AddressUse,"The use of an address.","StructureDefinition/SatuSehatPractitioner,StructureDefinition/BirthPlace,StructureDefinition/SatuSehatAddress,StructureDefinition/SatuSehatPatient","hl7.fhir.r4.core"
http://hl7.org/fhir/ValueSet/adjudication,4.0.1,draft,"2.16.840.1.113883.4.642.3.596",AdjudicationValueCodes,Adjudication Value Codes,"This value set includes a smattering of Adjudication Value codes which includes codes to indicate the amounts eligible under the plan, the amount of benefit, copays etc.","StructureDefinition/SatuSehatClaimResponse","THO"
http://hl7.org/fhir/ValueSet/adjudication-error,4.0.1,draft,"2.16.840.1.113883.4.642.3.39",Adjudication Error Codes,AdjudicationError,"This value set includes a smattering of adjudication codes.","StructureDefinition/SatuSehatClaimResponse,StructureDefinition/SatuSehatCoverageEligibilityResponse","THO"
http://hl7.org/fhir/ValueSet/adjudication-reason,4.0.1,draft,"2.16.840.1.113883.4.642.3.598",AdjudicationReasonCodes,Adjudication Reason Codes,"This value set includes smattering of Adjudication Reason codes.","StructureDefinition/SatuSehatClaimResponse","THO"
http://hl7.org/fhir/ValueSet/administration-method-codes,4.0.1,draft,"2.16.840.1.113883.4.642.3.97",SNOMEDCTAdministrationMethodCodes,SNOMED CT Administration Method Codes,"This value set includes some method codes from SNOMED CT - provided as an exemplar","StructureDefinition/SatuSehatMedicationAdministration","Internal"
http://hl7.org/fhir/ValueSet/administrative-gender,4.0.1,active,"2.16.840.1.113883.4.642.3.1",AdministrativeGender,AdministrativeGender,"The gender of a person used for administrative purposes.","StructureDefinition/SatuSehatPractitioner,StructureDefinition/SatuSehatFamilyMemberHistory,StructureDefinition/SatuSehatRelatedPerson,StructureDefinition/SatuSehatPatient","hl7.fhir.r4.core"
http://hl7.org/fhir/ValueSet/all-languages,4.0.1,active,"2.16.840.1.113883.4.642.3.21",AllLanguages,All Languages,"This value set includes all possible codes from BCP-47 (http://tools.ietf.org/html/bcp47)","StructureDefinition/SatuSehatPractitioner","Other"
http://hl7.org/fhir/ValueSet/allergy-intolerance-category,4.0.1,draft,"2.16.840.1.113883.4.642.3.133",AllergyIntoleranceCategory,AllergyIntoleranceCategory,"Category of an identified substance associated with allergies or intolerances.","StructureDefinition/SatuSehatAllergyIntolerance","hl7.fhir.r4.core"
http://hl7.org/fhir/ValueSet/allergy-intolerance-criticality,4.0.1,draft,"2.16.840.1.113883.4.642.3.129",AllergyIntoleranceCriticality,AllergyIntoleranceCriticality,"Estimate of the potential clinical harm, or seriousness, of a reaction to an identified substance.","StructureDefinition/SatuSehatAllergyIntolerance","hl7.fhir.r4.core"
http://hl7.org/fhir/ValueSet/allergy-intolerance-type,4.0.1,draft,"2.16.840.1.113883.4.642.3.131",AllergyIntoleranceType,AllergyIntoleranceType,"Identification of the underlying physiological mechanism for a Reaction Risk.","StructureDefinition/SatuSehatAllergyIntolerance","hl7.fhir.r4.core"
http://hl7.org/fhir/ValueSet/allergyintolerance-clinical,4.0.1,draft,"2.16.840.1.113883.4.642.3.1372",AllergyIntoleranceClinicalStatusCodes,AllergyIntolerance Clinical Status Codes,"Preferred value set for AllergyIntolerance Clinical Status.","StructureDefinition/SatuSehatAllergyIntolerance","THO"
http://hl7.org/fhir/ValueSet/allergyintolerance-code,4.0.1,draft,"2.16.840.1.113883.4.642.3.137",AllergyIntoleranceSubstance/Product,ConditionAndNegationCodes,AllergyIntolerance Substance/Product, Condition and Negation Codes,"This value set includes concept codes for specific substances/pharmaceutical products, allergy or intolerance conditions, and negation/exclusion codes to specify the absence of specific types of allergies or intolerances.","StructureDefinition/SatuSehatAllergyIntolerance","Internal"
http://hl7.org/fhir/ValueSet/allergyintolerance-verification,4.0.1,draft,"2.16.840.1.113883.4.642.3.1370",AllergyIntoleranceVerificationStatusCodes,AllergyIntolerance Verification Status Codes,"Preferred value set for AllergyIntolerance Verification Status.","StructureDefinition/SatuSehatAllergyIntolerance","THO"
http://hl7.org/fhir/ValueSet/approach-site-codes,4.0.1,draft,"2.16.840.1.113883.4.642.3.346",SNOMEDCTAnatomicalStructureForAdministrationSiteCodes,SNOMED CT Anatomical Structure for Administration Site Codes,"This value set includes Anatomical Structure codes from SNOMED CT - provided as an exemplar.","StructureDefinition/SatuSehatMedicationAdministration","Internal"
http://hl7.org/fhir/ValueSet/benefit-network,4.0.1,draft,"2.16.840.1.113883.4.642.3.608",NetworkTypeCodes,Network Type Codes,"This value set includes a smattering of Network type codes.","StructureDefinition/SatuSehatCoverageEligibilityResponse","THO"
http://hl7.org/fhir/ValueSet/benefit-term,4.0.1,draft,"2.16.840.1.113883.4.642.3.612",BenefitTermCodes,Benefit Term Codes,"This value set includes a smattering of Benefit Term codes.","StructureDefinition/SatuSehatCoverageEligibilityResponse","THO"
http://hl7.org/fhir/ValueSet/benefit-type,4.0.1,draft,"2.16.840.1.113883.4.642.3.606",BenefitTypeCodes,Benefit Type Codes,"This value set includes a smattering of Benefit type codes.","StructureDefinition/SatuSehatCoverageEligibilityResponse","THO"
http://hl7.org/fhir/ValueSet/benefit-unit,4.0.1,draft,"2.16.840.1.113883.4.642.3.610",UnitTypeCodes,Unit Type Codes,"This value set includes a smattering of Unit type codes.","StructureDefinition/SatuSehatCoverageEligibilityResponse","THO"
http://hl7.org/fhir/ValueSet/body-site,4.0.1,draft,"2.16.840.1.113883.4.642.3.141",SNOMEDCTBodyStructures,SNOMED CT Body Structures,"This value set includes all codes from [SNOMED CT](http://snomed.info/sct) where concept is-a 442083009 (Anatomical or acquired body site (body structure)).","StructureDefinition/variant,StructureDefinition/amrphenotype,StructureDefinition/dna-variant,StructureDefinition/genomic-base,StructureDefinition/protein-variant,StructureDefinition/SatuSehatCondition,StructureDefinition/SatuSehatObservation,StructureDefinition/genomics-service-request,StructureDefinition/gene-variant,StructureDefinition/tb-lineage-observation,StructureDefinition/SatuSehatProcedure,StructureDefinition/tb-phenotype-observation,StructureDefinition/SatuSehatChargeItem,StructureDefinition/SatuSehatServiceRequest,StructureDefinition/SatuSehatImagingStudy,StructureDefinition/SatuSehatSpecimen","Internal"
http://hl7.org/fhir/ValueSet/bodysite-laterality,4.0.1,draft,"2.16.840.1.113883.4.642.3.287",Laterality,Laterality,"Laterality: SNOMED-CT concepts for 'left', 'right', and 'bilateral'","StructureDefinition/SatuSehatImagingStudy","Internal"
http://hl7.org/fhir/ValueSet/c80-doc-typecodes,4.0.1,active,"2.16.840.1.113883.3.88.12.80.47",DocumentTypeValueSet,Document Type Value Set,"This is the code specifying the precise type of document (e.g. Pulmonary History and  Physical, Discharge Summary, Ultrasound Report, etc.). The Document Type value set includes all LOINC  values listed in HITSP C80 Table 2-144 Document Class Value Set Definition above used for Document Class,  and all LOINC values whose SCALE is DOC in the LOINC database.","StructureDefinition/SatuSehatDocumentReference","Internal"
http://hl7.org/fhir/ValueSet/c80-facilitycodes,4.0.1,active,"2.16.840.1.113883.3.88.12.80.67",FacilityTypeCodeValueSet,Facility Type Code Value Set,"This is the code representing the type of organizational setting where the clinical encounter, service, interaction, or treatment occurred. The value set used for Healthcare Facility Type has been defined by HITSP to be the value set reproduced from HITSP C80 Table 2-147.","StructureDefinition/SatuSehatDocumentReference","Internal"
http://hl7.org/fhir/ValueSet/c80-practice-codes,4.0.1,active,"2.16.840.1.113883.3.88.12.80.72",PracticeSettingCodeValueSet,Practice Setting Code Value Set,"This is the code representing the clinical specialty of the clinician or provider who interacted with, treated, or provided a service to/for the patient. The value set used for clinical specialty has been limited by HITSP to the value set reproduced from HITSP C80 Table 2-149 Clinical Specialty Value Set Definition.","StructureDefinition/SatuSehatDocumentReference,StructureDefinition/SatuSehatHealthcareService,StructureDefinition/SatuSehatPractitionerRole","Internal"
http://hl7.org/fhir/ValueSet/care-plan-activity-kind,4.0.1,draft,"2.16.840.1.113883.4.642.3.145",CarePlanActivityKind,Care Plan Activity Kind,"Resource types defined as part of FHIR that can be represented as in-line definitions of a care plan activity.","StructureDefinition/SatuSehatCarePlan","hl7.fhir.r4.core"
http://hl7.org/fhir/ValueSet/care-plan-activity-outcome,4.0.1,draft,"2.16.840.1.113883.4.642.3.149",CarePlanActivityOutcome,Care Plan Activity Outcome,"Example codes indicating the outcome of a care plan activity. Note that these are in no way complete and might not even be appropriate for some uses.","StructureDefinition/SatuSehatCarePlan","Internal"
http://hl7.org/fhir/ValueSet/care-plan-activity-status,4.0.1,draft,"2.16.840.1.113883.4.642.3.146",CarePlanActivityStatus,CarePlanActivityStatus,"Codes that reflect the current state of a care plan activity within its overall life cycle.","StructureDefinition/SatuSehatCarePlan","hl7.fhir.r4.core"
http://hl7.org/fhir/ValueSet/care-plan-category,4.0.1,draft,"2.16.840.1.113883.4.642.3.148",CarePlanCategory,Care Plan Category,"Example codes indicating the category a care plan falls within.  Note that these are in no way complete and might not even be appropriate for some uses.","StructureDefinition/SatuSehatCarePlan","Internal"
http://hl7.org/fhir/ValueSet/care-plan-intent,4.0.1,draft,"2.16.840.1.113883.4.642.3.150",CarePlanIntent,Care Plan Intent,"Codes indicating the degree of authority/intentionality associated with a care plan.","StructureDefinition/SatuSehatCarePlan","hl7.fhir.r4.core"
http://hl7.org/fhir/ValueSet/chargeitem-billingcodes,4.0.1,draft,"2.16.840.1.113883.4.642.3.848",ChargeItemCode,ChargeItemCode,"Example set of codes that can be used for billing purposes.","StructureDefinition/SatuSehatChargeItemDefinition,StructureDefinition/SatuSehatChargeItem","THO"
http://hl7.org/fhir/ValueSet/chargeitem-status,4.0.1,draft,"2.16.840.1.113883.4.642.3.846",ChargeItemStatus,ChargeItemStatus,"Codes identifying the lifecycle stage of a ChargeItem.","StructureDefinition/SatuSehatChargeItem","hl7.fhir.r4.core"
http://hl7.org/fhir/ValueSet/claim-careteamrole,4.0.1,draft,"2.16.840.1.113883.4.642.3.586",ClaimCareTeamRoleCodes,Claim Care Team Role Codes,"This value set includes sample Claim Care Team Role codes.","StructureDefinition/SatuSehatClaim","THO"
http://hl7.org/fhir/ValueSet/claim-exception,4.0.1,draft,"2.16.840.1.113883.4.642.3.580",ExceptionCodes,Exception Codes,"This value set includes sample Exception codes.","StructureDefinition/SatuSehatClaim","THO"
http://hl7.org/fhir/ValueSet/claim-informationcategory,4.0.1,draft,"2.16.840.1.113883.4.642.3.582",ClaimInformationCategoryCodes,Claim Information Category Codes,"This value set includes sample Information Category codes.","StructureDefinition/SatuSehatClaim","THO"
http://hl7.org/fhir/ValueSet/claim-modifiers,4.0.1,draft,"2.16.840.1.113883.4.642.3.536",ModifierTypeCodes,Modifier type Codes,"This value set includes sample Modifier type codes.","StructureDefinition/SatuSehatClaimResponse,StructureDefinition/SatuSehatCoverageEligibilityRequest,StructureDefinition/SatuSehatCoverageEligibilityResponse,StructureDefinition/SatuSehatClaim","THO"
http://hl7.org/fhir/ValueSet/claim-subtype,4.0.1,draft,"2.16.840.1.113883.4.642.3.566",ExampleClaimSubTypeCodes,Example Claim SubType Codes,"This value set includes sample Claim SubType codes which are used to distinguish the claim types for example within type institutional there may be subtypes for emergency services, bed stay and transportation.","StructureDefinition/SatuSehatClaimResponse,StructureDefinition/SatuSehatClaim","THO"
http://hl7.org/fhir/ValueSet/claim-type,4.0.1,draft,"2.16.840.1.113883.4.642.3.558",ClaimTypeCodes,Claim Type Codes,"This value set includes Claim Type codes.","StructureDefinition/SatuSehatClaimResponse,StructureDefinition/SatuSehatClaim","THO"
http://hl7.org/fhir/ValueSet/claim-use,4.0.1,draft,"2.16.840.1.113883.4.642.3.544",Use,Use,"The purpose of the Claim: predetermination, preauthorization, claim.","StructureDefinition/SatuSehatClaimResponse,StructureDefinition/SatuSehatClaim","hl7.fhir.r4.core"
http://hl7.org/fhir/ValueSet/clinical-findings,4.0.1,draft,"2.16.840.1.113883.4.642.3.232",SNOMEDCTClinicalFindings,SNOMED CT Clinical Findings,"This value set includes all the ""Clinical finding"" [SNOMED CT](http://snomed.info/sct) codes - concepts where concept is-a 404684003 (Clinical finding (finding)).","StructureDefinition/SatuSehatAllergyIntolerance,StructureDefinition/SatuSehatFamilyMemberHistory,StructureDefinition/SatuSehatDiagnosticReport,StructureDefinition/SatuSehatCarePlan,StructureDefinition/SatuSehatGoal","Internal"
http://hl7.org/fhir/ValueSet/clinicalimpression-prognosis,4.0.1,draft,"2.16.840.1.113883.4.642.3.160",ClinicalImpressionPrognosis,Clinical Impression Prognosis,"Example value set for clinical impression prognosis.","StructureDefinition/SatuSehatClinicalImpression","Internal"
http://hl7.org/fhir/ValueSet/clinicalimpression-status,4.0.1,draft,"2.16.840.1.113883.4.642.3.1046",ClinicalImpressionStatus,Clinical Impression Status,"Codes that reflect the current state of a clinical impression within its overall lifecycle.","StructureDefinition/SatuSehatClinicalImpression","hl7.fhir.r4.core"
http://hl7.org/fhir/ValueSet/common-tags,4.0.1,draft,"2.16.840.1.113883.4.642.3.79",CommonTags,Common Tags,"Common Tag Codes defined by FHIR project","StructureDefinition/genomic-report,StructureDefinition/dna-variant,StructureDefinition/protein-variant,StructureDefinition/gene-variant","THO"
http://hl7.org/fhir/ValueSet/composition-attestation-mode,4.0.1,draft,"2.16.840.1.113883.4.642.3.238",CompositionAttestationMode,CompositionAttestationMode,"The way in which a person authenticated a composition.","StructureDefinition/SatuSehatComposition","hl7.fhir.r4.core"
http://hl7.org/fhir/ValueSet/composition-status,4.0.1,draft,"2.16.840.1.113883.4.642.3.241",CompositionStatus,CompositionStatus,"The workflow/clinical status of the composition.","StructureDefinition/SatuSehatDocumentReference,StructureDefinition/SatuSehatComposition","hl7.fhir.r4.core"
http://hl7.org/fhir/ValueSet/condition-category,4.0.1,draft,"2.16.840.1.113883.4.642.3.162",ConditionCategoryCodes,Condition Category Codes,"Preferred value set for Condition Categories.","StructureDefinition/SatuSehatCondition","THO"
http://hl7.org/fhir/ValueSet/condition-clinical,4.0.1,draft,"2.16.840.1.113883.4.642.3.164",ConditionClinicalStatusCodes,Condition Clinical Status Codes,"Preferred value set for Condition Clinical Status.","StructureDefinition/SatuSehatCondition","THO"
http://hl7.org/fhir/ValueSet/condition-code,4.0.1,draft,"2.16.840.1.113883.4.642.3.161",Condition/Problem/DiagnosisCodes,Condition/Problem/Diagnosis Codes,"Example value set for Condition/Problem/Diagnosis codes.","StructureDefinition/SatuSehatProcedure,StructureDefinition/SatuSehatClinicalImpression,StructureDefinition/SatuSehatMedicationStatement,StructureDefinition/SatuSehatFamilyMemberHistory,StructureDefinition/SatuSehatCondition,StructureDefinition/SatuSehatMedicationRequest","Internal"
http://hl7.org/fhir/ValueSet/condition-outcome,4.0.1,draft,"2.16.840.1.113883.4.642.3.967",ConditionOutcomeCodes,Condition Outcome Codes,"Example value set for condition outcomes.","StructureDefinition/SatuSehatFamilyMemberHistory","Internal"
http://hl7.org/fhir/ValueSet/condition-severity,4.0.1,draft,"2.16.840.1.113883.4.642.3.168",Condition/DiagnosisSeverity,Condition/Diagnosis Severity,"Preferred value set for Condition/Diagnosis severity grading.","StructureDefinition/SatuSehatCondition","Internal"
http://hl7.org/fhir/ValueSet/condition-stage,4.0.1,draft,"2.16.840.1.113883.4.642.3.170",ConditionStage,Condition Stage,"Example value set for stages of cancer and other conditions.","StructureDefinition/SatuSehatCondition","Internal"
http://hl7.org/fhir/ValueSet/condition-stage-type,4.0.1,draft,"2.16.840.1.113883.4.642.3.171",ConditionStageType,Condition Stage Type,"Example value set for the type of stages of cancer and other conditions","StructureDefinition/SatuSehatCondition","Internal"
http://hl7.org/fhir/ValueSet/condition-ver-status,4.0.1,draft,"2.16.840.1.113883.4.642.3.166",ConditionVerificationStatus,ConditionVerificationStatus,"The verification status to support or decline the clinical status of the condition or diagnosis.","StructureDefinition/SatuSehatCondition","THO"
http://hl7.org/fhir/ValueSet/consistency-type,4.0.1,draft,"2.16.840.1.113883.4.642.3.389",FluidConsistencyTypeCodes,Fluid Consistency Type Codes,"FluidConsistencyType :  Codes used to represent the consistency of fluids and liquids provided to the patient. This value set includes concepts from [SNOMED CT](http://snomed.info/sct)(US Extension) where concept is a 435681000124103  (Dietary liquid consistency diet (regime/therapy)). It is provided as a suggestive example.","StructureDefinition/SatuSehatNutritionOrder","Internal"
http://hl7.org/fhir/ValueSet/contactentity-type,4.0.1,draft,"2.16.840.1.113883.4.642.3.416",ContactEntityType,Contact entity type,"This example value set defines a set of codes that can be used to indicate the purpose for which you would contact a contact party.","StructureDefinition/SatuSehatOrganization","THO"
http://hl7.org/fhir/ValueSet/coverage-class,4.0.1,draft,"2.16.840.1.113883.4.642.3.1009",CoverageClassCodes,Coverage Class Codes,"This value set includes Coverage Class codes.","StructureDefinition/SatuSehatCoverage","THO"
http://hl7.org/fhir/ValueSet/coverage-copay-type,4.0.1,draft,"2.16.840.1.113883.4.642.3.527",CoverageCopayTypeCodes,Coverage Copay Type Codes,"This value set includes sample Coverage Copayment Type codes.","StructureDefinition/SatuSehatCoverage","THO"
http://hl7.org/fhir/ValueSet/coverage-financial-exception,4.0.1,draft,"2.16.840.1.113883.4.642.3.1328",ExampleCoverageFinancialExceptionCodes,Example Coverage Financial Exception Codes,"This value set includes Example Coverage Financial Exception Codes.","StructureDefinition/SatuSehatCoverage","THO"
http://hl7.org/fhir/ValueSet/coverage-type,4.0.1,draft,"2.16.840.1.113883.4.642.3.520",CoverageTypeAndSelf-PayCodes,Coverage Type and Self-Pay Codes,"This value set includes Coverage Type codes.","StructureDefinition/SatuSehatCoverage","THO"
http://hl7.org/fhir/ValueSet/coverageeligibilityresponse-ex-auth-support,4.0.1,draft,"2.16.840.1.113883.4.642.3.1393",CoverageEligibilityResponseAuthSupportCodes,CoverageEligibilityResponse Auth Support Codes,"This value set includes CoverageEligibilityResponse Auth Support codes.","StructureDefinition/SatuSehatCoverageEligibilityResponse","THO"
http://hl7.org/fhir/ValueSet/data-absent-reason,4.0.1,active,"2.16.840.1.113883.4.642.3.5",DataAbsentReason,DataAbsentReason,"Used to specify why the normally expected content of the data element is missing.","StructureDefinition/variant,StructureDefinition/amrphenotype,StructureDefinition/dna-variant,StructureDefinition/protein-variant,StructureDefinition/genomic-base,StructureDefinition/tb-phenotype-observation,StructureDefinition/SatuSehatObservation,StructureDefinition/gene-variant,StructureDefinition/tb-lineage-observation","THO"
http://hl7.org/fhir/ValueSet/days-of-week,4.0.1,active,"2.16.840.1.113883.4.642.3.512",DaysOfWeek,DaysOfWeek,"The days of the week.","StructureDefinition/SatuSehatLocation,StructureDefinition/SatuSehatHealthcareService,StructureDefinition/SatuSehatPractitionerRole","hl7.fhir.r4.core"
http://hl7.org/fhir/ValueSet/device-action,4.0.1,draft,"2.16.840.1.113883.4.642.3.425",ProcedureDeviceActionCodes,Procedure Device Action Codes,"Example codes indicating the change that happened to the device during the procedure.  Note that these are in no way complete and might not even be appropriate for some uses.","StructureDefinition/SatuSehatProcedure","Internal"
http://hl7.org/fhir/ValueSet/device-kind,4.0.1,draft,"2.16.840.1.113883.4.642.3.208",FHIRDeviceTypes,FHIR Device Types,"Codes used to identify medical devices. Includes concepts from SNOMED CT (http://www.snomed.org/) where concept is-a 49062001 (Device)  and is provided as a suggestive example.","StructureDefinition/SatuSehatProcedure,StructureDefinition/SatuSehatChargeItem","Internal"
http://hl7.org/fhir/ValueSet/diagnosis-role,4.0.1,draft,"2.16.840.1.113883.4.642.3.49",DiagnosisRole,DiagnosisRole,"This value set defines a set of codes that can be used to express the role of a diagnosis on the Encounter or EpisodeOfCare record.","StructureDefinition/SatuSehatEncounter,StructureDefinition/SatuSehatEpisodeOfCare","THO"
http://hl7.org/fhir/ValueSet/diagnostic-report-status,4.0.1,draft,"2.16.840.1.113883.4.642.3.235",DiagnosticReportStatus,DiagnosticReportStatus,"The status of the diagnostic report.","StructureDefinition/genomic-report,StructureDefinition/SatuSehatDiagnosticReport","hl7.fhir.r4.core"
http://hl7.org/fhir/ValueSet/diagnostic-service-sections,4.0.1,draft,"2.16.840.1.113883.4.642.3.234",DiagnosticServiceSectionCodes,Diagnostic Service Section Codes,"This value set includes all the codes in HL7 V2 table 0074.","StructureDefinition/genomic-report,StructureDefinition/SatuSehatDiagnosticReport","THO (V2)"
http://hl7.org/fhir/ValueSet/diet-type,4.0.1,draft,"2.16.840.1.113883.4.642.3.385",DietCodes,Diet Codes,"Codes that can be used to indicate the type of food being ordered for a patient. This value set is provided as a suggestive example. It includes codes from [SNOMED CT](http://snomed.info/sct) where concept is-a 182922004 (Dietary regime (regime/therapy)) ","StructureDefinition/SatuSehatNutritionOrder","Internal"
http://hl7.org/fhir/ValueSet/doc-section-codes,4.0.1,draft,"2.16.840.1.113883.4.642.3.237",DocumentSectionCodes,Document Section Codes,"Document section codes (LOINC codes used in CCDA sections).","StructureDefinition/SatuSehatComposition","Internal"
http://hl7.org/fhir/ValueSet/doc-typecodes,4.0.1,draft,"2.16.840.1.113883.4.642.3.240",FHIRDocumentTypeCodes,FHIR Document Type Codes,"FHIR Document Codes - all LOINC codes where scale type = 'DOC'.","StructureDefinition/SatuSehatComposition","Internal"
http://hl7.org/fhir/ValueSet/document-classcodes,4.0.1,active,"2.16.840.1.113883.3.88.12.80.46",DocumentClassValueSet,Document Class Value Set,"This is the code specifying the high-level kind of document (e.g. Prescription, Discharge Summary, Report, etc.). Note: Class code for documents comes from LOINC, and is based upon one of the following:The type of service described by the document. It is described at a very high level in Section 7.3 of the LOINC Manual. The type study performed. It was determined by identifying modalities for study reports. The section of the chart where the document is placed. It was determined from the SETs created for Claims Attachment requests.","StructureDefinition/SatuSehatDocumentReference,StructureDefinition/SatuSehatComposition","Internal"
http://hl7.org/fhir/ValueSet/document-reference-status,4.0.1,draft,"2.16.840.1.113883.4.642.3.7",DocumentReferenceStatus,DocumentReferenceStatus,"The status of the document reference.","StructureDefinition/SatuSehatDocumentReference","hl7.fhir.r4.core"
http://hl7.org/fhir/ValueSet/document-relationship-type,4.0.1,draft,"2.16.840.1.113883.4.642.3.244",DocumentRelationshipType,DocumentRelationshipType,"The type of relationship between documents.","StructureDefinition/SatuSehatDocumentReference,StructureDefinition/SatuSehatComposition","hl7.fhir.r4.core"
http://hl7.org/fhir/ValueSet/eligibilityrequest-purpose,4.0.1,draft,"2.16.840.1.113883.4.642.3.1182",EligibilityRequestPurpose,EligibilityRequestPurpose,"A code specifying the types of information being requested.","StructureDefinition/SatuSehatCoverageEligibilityRequest","hl7.fhir.r4.core"
http://hl7.org/fhir/ValueSet/eligibilityresponse-purpose,4.0.1,draft,"2.16.840.1.113883.4.642.3.1184",EligibilityResponsePurpose,EligibilityResponsePurpose,"A code specifying the types of information being requested.","StructureDefinition/SatuSehatCoverageEligibilityResponse","hl7.fhir.r4.core"
http://hl7.org/fhir/ValueSet/encounter-admit-source,4.0.1,draft,"2.16.840.1.113883.4.642.3.257",AdmitSource,Admit source,"This value set defines a set of codes that can be used to indicate from where the patient came in.","StructureDefinition/SatuSehatEncounter","THO"
http://hl7.org/fhir/ValueSet/encounter-diet,4.0.1,draft,"2.16.840.1.113883.4.642.3.255",Diet,Diet,"This value set defines a set of codes that can be used to indicate dietary preferences or restrictions a patient may have.","StructureDefinition/SatuSehatEncounter,StructureDefinition/SatuSehatNutritionOrder","THO"
http://hl7.org/fhir/ValueSet/encounter-discharge-disposition,4.0.1,draft,"2.16.840.1.113883.4.642.3.259",DischargeDisposition,Discharge disposition,"This value set defines a set of codes that can be used to where the patient left the hospital.","StructureDefinition/SatuSehatEncounter","THO"
http://hl7.org/fhir/ValueSet/encounter-location-status,4.0.1,draft,"2.16.840.1.113883.4.642.3.262",EncounterLocationStatus,EncounterLocationStatus,"The status of the location.","StructureDefinition/SatuSehatEncounter","hl7.fhir.r4.core"
http://hl7.org/fhir/ValueSet/encounter-participant-type,4.0.1,draft,"2.16.840.1.113883.4.642.3.250",ParticipantType,Participant type,"This value set defines a set of codes that can be used to indicate how an individual participates in an encounter.","StructureDefinition/SatuSehatEncounter","THO (V3),THO"
http://hl7.org/fhir/ValueSet/encounter-reason,4.0.1,draft,"2.16.840.1.113883.4.642.3.261",EncounterReasonCodes,Encounter Reason Codes,"This examples value set defines the set of codes that can be used to indicate reasons for an encounter.","StructureDefinition/SatuSehatEncounter","Internal"
http://hl7.org/fhir/ValueSet/encounter-special-arrangements,4.0.1,draft,"2.16.840.1.113883.4.642.3.253",SpecialArrangements,Special arrangements,"This value set defines a set of codes that can be used to indicate the kinds of special arrangements in place for a patients visit.","StructureDefinition/SatuSehatEncounter","THO"
http://hl7.org/fhir/ValueSet/encounter-special-courtesy,4.0.1,draft,"2.16.840.1.113883.4.642.3.252",SpecialCourtesy,Special courtesy,"This value set defines a set of codes that can be used to indicate special courtesies provided to the patient.","StructureDefinition/SatuSehatEncounter","THO (V3)"
http://hl7.org/fhir/ValueSet/encounter-status,4.0.1,draft,"2.16.840.1.113883.4.642.3.246",EncounterStatus,EncounterStatus,"Current state of the encounter.","StructureDefinition/SatuSehatEncounter","hl7.fhir.r4.core"
http://hl7.org/fhir/ValueSet/encounter-type,4.0.1,draft,"2.16.840.1.113883.4.642.3.248",EncounterType,Encounter type,"This example value set defines a set of codes that can be used to indicate the type of encounter: a specific code indicating type of service provided.","StructureDefinition/SatuSehatEncounter","THO"
http://hl7.org/fhir/ValueSet/enteral-route,4.0.1,draft,"2.16.840.1.113883.4.642.3.394",EnteralRouteCodes,Enteral Route Codes,"EnteralRouteOfAdministration: Codes specifying the route of administration of enteral formula.  This value set is composed of HL7 V3 codes and is provided as a suggestive example.","StructureDefinition/SatuSehatNutritionOrder","THO (V3)"
http://hl7.org/fhir/ValueSet/entformula-additive,4.0.1,draft,"2.16.840.1.113883.4.642.3.392",EnteralFormulaAdditiveTypeCode,Enteral Formula Additive Type Code,"EnteralFormulaAdditiveType: Codes for the type of modular component such as protein, carbohydrate or fiber to be provided in addition to or mixed with the base formula. This value set is provided as a suggestive example.","StructureDefinition/SatuSehatNutritionOrder","THO"
http://hl7.org/fhir/ValueSet/entformula-type,4.0.1,draft,"2.16.840.1.113883.4.642.3.391",EnteralFormulaTypeCodes,Enteral Formula Type Codes,"EnteralFormulaType : Codes for type of enteral formula to be administered to patient.  This value set is composed of SNOMED CT (US Extension) Concepts from SCTID 470581016 (Enteral+supplement feeds hierarchy (product)) and is provided as a suggestive example.","StructureDefinition/SatuSehatNutritionOrder","Internal"
http://hl7.org/fhir/ValueSet/episode-of-care-status,4.0.1,draft,"2.16.840.1.113883.4.642.3.664",EpisodeOfCareStatus,EpisodeOfCareStatus,"The status of the episode of care.","StructureDefinition/SatuSehatEpisodeOfCare","hl7.fhir.r4.core"
http://hl7.org/fhir/ValueSet/episodeofcare-type,4.0.1,draft,"2.16.840.1.113883.4.642.3.666",EpisodeOfCareType,Episode of care type,"This example value set defines a set of codes that can be used to express the usage type of an EpisodeOfCare record.","StructureDefinition/SatuSehatEpisodeOfCare","THO"
http://hl7.org/fhir/ValueSet/event-status,4.0.1,draft,"2.16.840.1.113883.4.642.3.109",EventStatus,EventStatus,"Codes identifying the lifecycle stage of an event.","StructureDefinition/SatuSehatProcedure","hl7.fhir.r4.core"
http://hl7.org/fhir/ValueSet/ex-benefitcategory,4.0.1,draft,"2.16.840.1.113883.4.642.3.1174",BenefitCategoryCodes,Benefit Category Codes,"This value set includes examples of Benefit Category codes.","StructureDefinition/SatuSehatCoverageEligibilityRequest,StructureDefinition/SatuSehatCoverageEligibilityResponse,StructureDefinition/SatuSehatClaim","THO"
http://hl7.org/fhir/ValueSet/ex-diagnosis-on-admission,4.0.1,draft,"2.16.840.1.113883.4.642.3.1169",ExampleDiagnosisOnAdmissionCodes,Example Diagnosis on Admission Codes,"This value set includes example Diagnosis on Admission codes.","StructureDefinition/SatuSehatClaim","THO"
http://hl7.org/fhir/ValueSet/ex-diagnosisrelatedgroup,4.0.1,draft,"2.16.840.1.113883.4.642.3.588",ExampleDiagnosisRelatedGroupCodes,Example Diagnosis Related Group Codes,"This value set includes example Diagnosis Related Group codes.","StructureDefinition/SatuSehatClaim","THO"
http://hl7.org/fhir/ValueSet/ex-diagnosistype,4.0.1,draft,"2.16.840.1.113883.4.642.3.590",ExampleDiagnosisTypeCodes,Example Diagnosis Type Codes,"This value set includes example Diagnosis Type codes.","StructureDefinition/SatuSehatClaim","THO"
http://hl7.org/fhir/ValueSet/ex-paymenttype,4.0.1,draft,"2.16.840.1.113883.4.642.3.616",ExamplePaymentTypeCodes,Example Payment Type Codes,"This value set includes example Payment Type codes.","StructureDefinition/SatuSehatClaimResponse","THO"
http://hl7.org/fhir/ValueSet/ex-procedure-type,4.0.1,draft,"2.16.840.1.113883.4.642.3.1387",ExampleProcedureTypeCodes,Example Procedure Type Codes,"This value set includes example Procedure Type codes.","StructureDefinition/SatuSehatClaim","THO"
http://hl7.org/fhir/ValueSet/ex-program-code,4.0.1,draft,"2.16.840.1.113883.4.642.3.576",ExampleProgramReasonCodes,Example Program Reason Codes,"This value set includes sample Program Reason Span codes.","StructureDefinition/SatuSehatClaimResponse,StructureDefinition/SatuSehatClaim","THO"
http://hl7.org/fhir/ValueSet/ex-revenue-center,4.0.1,draft,"2.16.840.1.113883.4.642.3.594",ExampleRevenueCenterCodes,Example Revenue Center Codes,"This value set includes sample Revenue Center codes.","StructureDefinition/SatuSehatClaim","THO"
http://hl7.org/fhir/ValueSet/fm-status,4.0.1,draft,"2.16.840.1.113883.4.642.3.592",FinancialResourceStatusCodes,Financial Resource Status Codes,"This value set includes Status codes.","StructureDefinition/SatuSehatClaimResponse,StructureDefinition/SatuSehatPaymentReconciliation,StructureDefinition/SatuSehatPaymentNotice,StructureDefinition/SatuSehatCoverage,StructureDefinition/SatuSehatCoverageEligibilityRequest,StructureDefinition/SatuSehatCoverageEligibilityResponse,StructureDefinition/SatuSehatClaim","hl7.fhir.r4.core"
http://hl7.org/fhir/ValueSet/food-type,4.0.1,draft,"2.16.840.1.113883.4.642.3.384",FoodTypeCodes,Food Type Codes,"This value set represents codes for types of foods and is provided as a suggestive example. It include codes from [SNOMED CT](http://snomed.info/sct) where concept is-a 255620007 (Foods (substance)).","StructureDefinition/SatuSehatNutritionOrder","Internal"
http://hl7.org/fhir/ValueSet/formatcodes,4.0.1,active,"1.3.6.1.4.1.19376.1.2.7.1",DocumentReferenceFormatCodeSet,DocumentReference Format Code Set,"The value set is defined to be the set of format codes defined by the IHE Technical Framework, and also including additional format codes defined by the    HL7. The value set is listed in HITSP C80 Table 2-153 Format Code Value Set Definition,    with additions published later by IHE as published    at http://wiki.ihe.net/index.php?title=IHE_Format_Codes   and with additions published later by HL7 as published at https://confluence.hl7.org/display/SD/Format+Codes+for+IHE+XDS.   This is the code specifying the technical format of the document. Along with the typeCode,    it should provide sufficient information to allow any potential document consumer to know    if it will be able to process the document. The code shall be sufficiently specific to    ensure processing/display by identifying a document encoding, structure and template. The actual list of codes here is incomplete","StructureDefinition/SatuSehatDocumentReference","Other"
http://hl7.org/fhir/ValueSet/forms,4.0.1,draft,"2.16.840.1.113883.4.642.3.37",Form Codes,Forms,"This value set includes a sample set of Forms codes.","StructureDefinition/SatuSehatClaimResponse,StructureDefinition/SatuSehatPaymentReconciliation,StructureDefinition/SatuSehatCoverageEligibilityResponse","THO"
http://hl7.org/fhir/ValueSet/fundsreserve,4.0.1,draft,"2.16.840.1.113883.4.642.3.33",Funds Reservation Codes,FundsReserve,"This value set includes sample funds reservation type codes.","StructureDefinition/SatuSehatClaimResponse,StructureDefinition/SatuSehatClaim","THO"
http://hl7.org/fhir/ValueSet/goal-achievement,4.0.1,draft,"2.16.840.1.113883.4.642.3.1374",GoalAchievementStatus,Goal achievement status,"Describes the progression, or lack thereof, towards the goal against the target.","StructureDefinition/SatuSehatGoal","THO"
http://hl7.org/fhir/ValueSet/goal-category,4.0.1,draft,"2.16.840.1.113883.4.642.3.275",GoalCategory,Goal category,"Example codes for grouping goals to use for filtering or presentation.","StructureDefinition/SatuSehatGoal","THO"
http://hl7.org/fhir/ValueSet/goal-priority,4.0.1,draft,"2.16.840.1.113883.4.642.3.273",GoalPriority,Goal priority,"Indicates the level of importance associated with reaching or sustaining a goal.","StructureDefinition/SatuSehatGoal","THO"
http://hl7.org/fhir/ValueSet/goal-start-event,4.0.1,draft,"2.16.840.1.113883.4.642.3.279",GoalStartEvent,Goal start event,"Identifies types of events that might trigger the start of a goal.","StructureDefinition/SatuSehatGoal","Internal"
http://hl7.org/fhir/ValueSet/goal-status,4.0.1,draft,"2.16.840.1.113883.4.642.3.271",GoalLifecycleStatus,GoalLifecycleStatus,"Codes that reflect the current state of a goal and whether the goal is still being targeted.","StructureDefinition/SatuSehatGoal","hl7.fhir.r4.core"
http://hl7.org/fhir/ValueSet/history-absent-reason,4.0.1,draft,"2.16.840.1.113883.4.642.3.269",FamilyHistoryAbsentReason,FamilyHistoryAbsentReason,"Codes describing the reason why a family member's history is not available.","StructureDefinition/SatuSehatFamilyMemberHistory","THO"
http://hl7.org/fhir/ValueSet/history-status,4.0.1,draft,"2.16.840.1.113883.4.642.3.267",FamilyHistoryStatus,FamilyHistoryStatus,"A code that identifies the status of the family history record.","StructureDefinition/SatuSehatFamilyMemberHistory","hl7.fhir.r4.core"
http://hl7.org/fhir/ValueSet/icd-10,4.0.1,draft,"2.16.840.1.113883.4.642.3.531",ICD-10Codes,ICD-10 Codes,"This value set includes sample ICD-10 codes.","StructureDefinition/SatuSehatChargeItem,StructureDefinition/SatuSehatCoverageEligibilityRequest,StructureDefinition/SatuSehatClaim","Internal"
http://hl7.org/fhir/ValueSet/icd-10-procedures,4.0.1,draft,"2.16.840.1.113883.4.642.3.574",ICD-10ProcedureCodes,ICD-10 Procedure Codes,"This value set includes sample ICD-10 Procedure codes.","StructureDefinition/SatuSehatClaim","hl7.fhir.r4.core"
http://hl7.org/fhir/ValueSet/identifier-type,4.0.1,active,"2.16.840.1.113883.4.642.3.45",Identifier Type Codes,IdentifierType,"A coded type for an identifier that can be used to determine which identifier to use for a specific purpose.","StructureDefinition/SatuSehatClinicalImpression,StructureDefinition/SatuSehatCondition,StructureDefinition/SatuSehatDiagnosticReport,StructureDefinition/SatuSehatComposition,StructureDefinition/SatuSehatPatient","THO (V2)"
http://hl7.org/fhir/ValueSet/identifier-use,4.0.1,active,"2.16.840.1.113883.4.642.3.57",IdentifierUse,IdentifierUse,"Identifies the purpose for this identifier, if known .","StructureDefinition/SatuSehatClinicalImpression,StructureDefinition/SatuSehatCondition,StructureDefinition/SatuSehatDiagnosticReport,StructureDefinition/SatuSehatComposition,StructureDefinition/SatuSehatPatient","hl7.fhir.r4.core"
http://hl7.org/fhir/ValueSet/imagingstudy-status,4.0.1,draft,"2.16.840.1.113883.4.642.3.990",ImagingStudyStatus,ImagingStudyStatus,"The status of the ImagingStudy.","StructureDefinition/SatuSehatImagingStudy","hl7.fhir.r4.core"
http://hl7.org/fhir/ValueSet/immunization-function,4.0.1,draft,"2.16.840.1.113883.4.642.3.995",ImmunizationFunctionCodes,Immunization Function Codes,"The value set to instantiate this attribute should be drawn from a terminologically robust code system that consists of or contains concepts to support describing the function a practitioner or organization may play in the immunization event. This value set is provided as a suggestive example.","StructureDefinition/SatuSehatImmunization","THO (V2)"
http://hl7.org/fhir/ValueSet/immunization-funding-source,4.0.1,draft,"2.16.840.1.113883.4.642.3.293",ImmunizationFundingSource,Immunization Funding Source,"The value set to instantiate this attribute should be drawn from a terminologically robust code system that consists of or contains concepts to support describing the source of the vaccine administered. This value set is provided as a suggestive example.","StructureDefinition/SatuSehatImmunization","THO"
http://hl7.org/fhir/ValueSet/immunization-origin,4.0.1,draft,"2.16.840.1.113883.4.642.3.296",ImmunizationOriginCodes,Immunization Origin Codes,"The value set to instantiate this attribute should be drawn from a terminologically robust code system that consists of or contains concepts to support describing the source of the data when the report of the immunization event is not based on information from the person, entity or organization who administered the vaccine. This value set is provided as a suggestive example.","StructureDefinition/SatuSehatImmunization","THO"
http://hl7.org/fhir/ValueSet/immunization-program-eligibility,4.0.1,draft,"2.16.840.1.113883.4.642.3.291",ImmunizationProgramEligibility,Immunization Program Eligibility,"The value set to instantiate this attribute should be drawn from a terminologically robust code system that consists of or contains concepts to support describing the patient's eligibility for a vaccination program. This value set is provided as a suggestive example.","StructureDefinition/SatuSehatImmunization","THO"
http://hl7.org/fhir/ValueSet/immunization-reason,4.0.1,draft,"2.16.840.1.113883.4.642.3.290",ImmunizationReasonCodes,Immunization Reason Codes,"The value set to instantiate this attribute should be drawn from a terminologically robust code system that consists of or contains concepts to support describing the reason why a dose of vaccine was administered. This value set is provided as a suggestive example.","StructureDefinition/SatuSehatImmunization","Internal"
http://hl7.org/fhir/ValueSet/immunization-route,4.0.1,draft,"2.16.840.1.113883.4.642.3.289",ImmunizationRouteCodes,Immunization Route Codes,"The value set to instantiate this attribute should be drawn from a terminologically robust code system that consists of or contains concepts to support describing the administrative routes used during vaccination. This value set is provided as a suggestive example.","StructureDefinition/SatuSehatImmunization","THO (V3)"
http://hl7.org/fhir/ValueSet/immunization-site,4.0.1,draft,"2.16.840.1.113883.4.642.3.288",CodesForImmunizationSiteOfAdministration,Codes for Immunization Site of Administration,"The value set to instantiate this attribute should be drawn from a terminologically robust code system that consists of or contains concepts to support describing the body site where the vaccination occurred. This value set is provided as a suggestive example.","StructureDefinition/SatuSehatImmunization","THO (V3)"
http://hl7.org/fhir/ValueSet/immunization-status,4.0.1,draft,"2.16.840.1.113883.4.642.3.295",ImmunizationStatusCodes,Immunization Status Codes,"The value set to instantiate this attribute should be drawn from a terminologically robust code system that consists of or contains concepts to support describing the current status of the administered dose of vaccine.","StructureDefinition/SatuSehatImmunization","hl7.fhir.r4.core"
http://hl7.org/fhir/ValueSet/immunization-status-reason,4.0.1,draft,"2.16.840.1.113883.4.642.3.992",ImmunizationStatusReasonCodes,Immunization Status Reason Codes,"The value set to instantiate this attribute should be drawn from a terminologically robust code system that consists of or contains concepts to support describing the reason why a dose of vaccine was not administered. This value set is provided as a suggestive example.","StructureDefinition/SatuSehatImmunization","THO (V3),Internal"
http://hl7.org/fhir/ValueSet/immunization-subpotent-reason,4.0.1,draft,"2.16.840.1.113883.4.642.3.993",ImmunizationSubpotentReason,Immunization Subpotent Reason,"The value set to instantiate this attribute should be drawn from a terminologically robust code system that consists of or contains concepts to support describing the reason why a dose is considered to be subpotent. This value set is provided as a suggestive example.","StructureDefinition/SatuSehatImmunization","THO"
http://hl7.org/fhir/ValueSet/immunization-target-disease,4.0.1,draft,"2.16.840.1.113883.4.642.3.1047",ImmunizationTargetDiseaseCodes,Immunization Target Disease Codes,"The value set to instantiate this attribute should be drawn from a terminologically robust code system that consists of or contains concepts to support describing the disease that the dose is being administered against. This value set is provided as a suggestive example and includes the SNOMED CT concepts from the 64572001 (Disease) hierarchy.","StructureDefinition/SatuSehatImmunization","Internal"
http://hl7.org/fhir/ValueSet/investigation-sets,4.0.1,draft,"2.16.840.1.113883.4.642.3.157",InvestigationType,Investigation Type,"Example value set for investigation type.","StructureDefinition/SatuSehatClinicalImpression","Internal"
http://hl7.org/fhir/ValueSet/invoice-priceComponentType,4.0.1,draft,"2.16.840.1.113883.4.642.3.868",InvoicePriceComponentType,InvoicePriceComponentType,"Codes indicating the kind of the price component.","StructureDefinition/SatuSehatInvoice,StructureDefinition/SatuSehatChargeItemDefinition","hl7.fhir.r4.core"
http://hl7.org/fhir/ValueSet/invoice-status,4.0.1,draft,"2.16.840.1.113883.4.642.3.866",InvoiceStatus,InvoiceStatus,"Codes identifying the lifecycle stage of an Invoice.","StructureDefinition/SatuSehatInvoice","hl7.fhir.r4.core"
http://hl7.org/fhir/ValueSet/iso3166-1-2,4.0.1,active,,Iso3166-1-2,Iso 3166 Part 1: 2 Letter Codes,"This value set defines the ISO 3166 Part 1 2-letter codes","StructureDefinition/BirthPlace","Other"
http://hl7.org/fhir/ValueSet/issue-severity,4.0.1,active,"2.16.840.1.113883.4.642.3.408",IssueSeverity,IssueSeverity,"How the issue affects the success of the action.","StructureDefinition/SatuSehatOperationOutcome","hl7.fhir.r4.core"
http://hl7.org/fhir/ValueSet/issue-type,4.0.1,active,"2.16.840.1.113883.4.642.3.410",IssueType,IssueType,"A code that describes the type of issue.","StructureDefinition/SatuSehatOperationOutcome","hl7.fhir.r4.core"
http://hl7.org/fhir/ValueSet/item-type,4.0.1,draft,"2.16.840.1.113883.4.642.3.444",QuestionnaireItemType,QuestionnaireItemType,"Distinguishes groups from questions and display text and indicates data type for questions.","StructureDefinition/SatuSehatQuestionnaire","hl7.fhir.r4.core"
http://hl7.org/fhir/ValueSet/jurisdiction,4.0.1,active,"2.16.840.1.113883.4.642.3.48",Jurisdiction ValueSet,Jurisdiction,"This value set defines a base set of codes for country, country subdivision and region    for indicating where a resource is intended to be used.             Note: The codes for countries and country subdivisions are taken from    [ISO 3166](https://www.iso.org/iso-3166-country-codes.html)    while the codes for ""supra-national"" regions are from    [UN Standard country or area codes for statistical use (M49)](http://unstats.un.org/unsd/methods/m49/m49.htm).","StructureDefinition/SatuSehatChargeItemDefinition,StructureDefinition/SatuSehatQuestionnaire","Other"
http://hl7.org/fhir/ValueSet/languages,4.0.1,draft,"2.16.840.1.113883.4.642.3.20",CommonLanguages,Common Languages,"This value set includes common codes from BCP-47 (http://tools.ietf.org/html/bcp47)","StructureDefinition/SatuSehatClinicalImpression,StructureDefinition/dna-variant,StructureDefinition/SatuSehatDocumentReference,StructureDefinition/SatuSehatClaimResponse,StructureDefinition/SatuSehatInvoice,StructureDefinition/SatuSehatProcedure,StructureDefinition/SatuSehatMedicationDispense,StructureDefinition/SatuSehatImmunization,StructureDefinition/SatuSehatChargeItemDefinition,StructureDefinition/SatuSehatAccount,StructureDefinition/SatuSehatMedicationStatement,StructureDefinition/SatuSehatNutritionOrder,StructureDefinition/SatuSehatRelatedPerson,StructureDefinition/SatuSehatComposition,StructureDefinition/SatuSehatDiagnosticReport,StructureDefinition/variant,StructureDefinition/SatuSehatList,StructureDefinition/SatuSehatMedicationRequest,StructureDefinition/genomics-service-request,StructureDefinition/SatuSehatGoal,StructureDefinition/gene-variant,StructureDefinition/SatuSehatClaim,StructureDefinition/tb-lineage-observation,StructureDefinition/genomic-report,StructureDefinition/SatuSehatPaymentReconciliation,StructureDefinition/SatuSehatChargeItem,StructureDefinition/SatuSehatPractitionerRole,StructureDefinition/SatuSehatCoverageEligibilityRequest,StructureDefinition/amrphenotype,StructureDefinition/SatuSehatAllergyIntolerance,StructureDefinition/SatuSehatMedication,StructureDefinition/SatuSehatObservation,StructureDefinition/SatuSehatMedicationAdministration,StructureDefinition/SatuSehatCondition,StructureDefinition/SatuSehatLocation,StructureDefinition/SatuSehatEncounter,StructureDefinition/SatuSehatQuestionnaireResponse,StructureDefinition/SatuSehatHealthcareService,StructureDefinition/SatuSehatOrganization,StructureDefinition/tb-phenotype-observation,StructureDefinition/SatuSehatTask,StructureDefinition/SatuSehatServiceRequest,StructureDefinition/SatuSehatImagingStudy,StructureDefinition/SatuSehatOperationOutcome,StructureDefinition/SatuSehatPractitioner,StructureDefinition/genomic-base,StructureDefinition/protein-variant,StructureDefinition/SatuSehatPaymentNotice,StructureDefinition/SatuSehatCoverage,StructureDefinition/SatuSehatEpisodeOfCare,StructureDefinition/SatuSehatRiskAssessment,StructureDefinition/SatuSehatSubstance,StructureDefinition/SatuSehatQuestionnaire,StructureDefinition/SatuSehatFamilyMemberHistory,StructureDefinition/SatuSehatCoverageEligibilityResponse,StructureDefinition/SatuSehatCarePlan,StructureDefinition/SatuSehatPatient,StructureDefinition/SatuSehatSpecimen","Other"
http://hl7.org/fhir/ValueSet/link-type,4.0.1,active,"2.16.840.1.113883.4.642.3.423",LinkType,LinkType,"The type of link between this patient resource and another patient resource.","StructureDefinition/SatuSehatPatient","hl7.fhir.r4.core"
http://hl7.org/fhir/ValueSet/list-empty-reason,4.0.1,draft,"2.16.840.1.113883.4.642.3.322",ListEmptyReasons,List Empty Reasons,"General reasons for a list to be empty. Reasons are either related to a summary list (i.e. problem or medication list) or to a workflow related list (i.e. consultation list).","StructureDefinition/SatuSehatList,StructureDefinition/SatuSehatComposition","THO"
http://hl7.org/fhir/ValueSet/list-example-codes,4.0.1,draft,"2.16.840.1.113883.4.642.3.316",ExampleUseCodesForList,Example Use Codes for List,"Example use codes for the List resource - typical kinds of use.","StructureDefinition/SatuSehatList","THO"
http://hl7.org/fhir/ValueSet/list-item-flag,4.0.1,draft,"2.16.840.1.113883.4.642.3.320",PatientMedicineChangeTypes,Patient Medicine Change Types,"Example Item Flags for the List Resource. In this case, these are the kind of flags that would be used on a medication list at the end of a consultation.","StructureDefinition/SatuSehatList","hl7.fhir.r4.core"
http://hl7.org/fhir/ValueSet/list-mode,4.0.1,draft,"2.16.840.1.113883.4.642.3.318",ListMode,ListMode,"The processing mode that applies to this list.","StructureDefinition/SatuSehatList,StructureDefinition/SatuSehatComposition","hl7.fhir.r4.core"
http://hl7.org/fhir/ValueSet/list-order,4.0.1,draft,"2.16.840.1.113883.4.642.3.324",ListOrderCodes,List Order Codes,"Base values for the order of the items in a list resource.","StructureDefinition/SatuSehatList,StructureDefinition/SatuSehatComposition","THO"
http://hl7.org/fhir/ValueSet/list-status,4.0.1,draft,"2.16.840.1.113883.4.642.3.326",ListStatus,ListStatus,"The current state of the list.","StructureDefinition/SatuSehatList","hl7.fhir.r4.core"
http://hl7.org/fhir/ValueSet/location-mode,4.0.1,draft,"2.16.840.1.113883.4.642.3.330",LocationMode,LocationMode,"Indicates whether a resource instance represents a specific location or a class of locations.","StructureDefinition/SatuSehatLocation","hl7.fhir.r4.core"
http://hl7.org/fhir/ValueSet/location-physical-type,4.0.1,draft,"2.16.840.1.113883.4.642.3.328",LocationType,Location type,"This example value set defines a set of codes that can be used to indicate the physical form of the Location.","StructureDefinition/SatuSehatLocation,StructureDefinition/SatuSehatEncounter","THO"
http://hl7.org/fhir/ValueSet/location-status,4.0.1,draft,"2.16.840.1.113883.4.642.3.332",LocationStatus,LocationStatus,"Indicates whether the location is still in use.","StructureDefinition/SatuSehatLocation","hl7.fhir.r4.core"
http://hl7.org/fhir/ValueSet/manifestation-or-symptom,4.0.1,draft,"2.16.840.1.113883.4.642.3.169",ManifestationAndSymptomCodes,Manifestation and Symptom Codes,"Example value set for Manifestation and Symptom codes.","StructureDefinition/SatuSehatCondition","Internal"
http://hl7.org/fhir/ValueSet/marital-status,4.0.1,active,"2.16.840.1.113883.4.642.3.29",Marital Status Codes,MaritalStatus,"This value set defines the set of codes that can be used to indicate the marital status of a person.","StructureDefinition/SatuSehatPatient","THO (V3)"
http://hl7.org/fhir/ValueSet/med-admin-perform-function,4.0.1,draft,"2.16.840.1.113883.4.642.3.349",MedicationAdministration Performer Function Codes,Medication administration  performer  function  codes,"MedicationAdministration Performer Function Codes","StructureDefinition/SatuSehatMedicationAdministration","THO"
http://hl7.org/fhir/ValueSet/medication-admin-category,4.0.1,draft,"2.16.840.1.113883.4.642.3.347",MedicationAdministration Category Codes,Medication administration  category  codes,"MedicationAdministration Category Codes","StructureDefinition/SatuSehatMedicationAdministration","THO"
http://hl7.org/fhir/ValueSet/medication-admin-status,4.0.1,draft,"2.16.840.1.113883.4.642.3.340",MedicationAdministration Status Codes,Medication administration  status  codes,"MedicationAdministration Status Codes","StructureDefinition/SatuSehatMedicationAdministration","THO"
http://hl7.org/fhir/ValueSet/medication-as-needed-reason,4.0.1,draft,"2.16.840.1.113883.4.642.3.96",SNOMEDCTMedicationAsNeededReasonCodes,SNOMED CT Medication As Needed Reason Codes,"This value set includes all clinical findings from SNOMED CT - provided as an exemplar value set.","StructureDefinition/SatuSehatServiceRequest,StructureDefinition/genomics-service-request","Internal"
http://hl7.org/fhir/ValueSet/medication-codes,4.0.1,draft,"2.16.840.1.113883.4.642.3.375",SNOMEDCTMedicationCodes,SNOMED CT Medication Codes,"This value set includes all drug or medicament substance codes and all pharmaceutical/biologic products from SNOMED CT - provided as an exemplar value set.","StructureDefinition/SatuSehatMedicationDispense,StructureDefinition/SatuSehatMedication,StructureDefinition/SatuSehatMedicationStatement,StructureDefinition/SatuSehatMedicationAdministration,StructureDefinition/SatuSehatCarePlan,StructureDefinition/SatuSehatMedicationRequest","Internal"
http://hl7.org/fhir/ValueSet/medication-form-codes,4.0.1,draft,"2.16.840.1.113883.4.642.3.374",SNOMEDCTFormCodes,SNOMED CT Form Codes,"This value set includes all dose form codes from SNOMED CT - provided as an exemplar.","StructureDefinition/SatuSehatMedication","Internal"
http://hl7.org/fhir/ValueSet/medication-statement-category,4.0.1,draft,"2.16.840.1.113883.4.642.3.370",Medication usage category codes,Medication usage category codes,"Medication Status Codes","StructureDefinition/SatuSehatMedicationStatement","THO"
http://hl7.org/fhir/ValueSet/medication-statement-status,4.0.1,draft,"2.16.840.1.113883.4.642.3.367",Medication Status Codes,Medication  status  codes,"Medication Status Codes","StructureDefinition/SatuSehatMedicationStatement","hl7.fhir.r4.core"
http://hl7.org/fhir/ValueSet/medication-status,4.0.1,draft,"2.16.840.1.113883.4.642.3.376",Medication Status Codes,Medication  status  codes,"Medication Status Codes","StructureDefinition/SatuSehatMedication","hl7.fhir.r4.core"
http://hl7.org/fhir/ValueSet/medicationdispense-category,4.0.1,draft,"2.16.840.1.113883.4.642.3.1314",MedicationDispense Category Codes,Medication dispense  category  codes,"MedicationDispense Category Codes","StructureDefinition/SatuSehatMedicationDispense","THO"
http://hl7.org/fhir/ValueSet/medicationdispense-performer-function,4.0.1,draft,"2.16.840.1.113883.4.642.3.1318",MedicationDispense Performer Function Codes,Medication dispense  performer  function  codes,"MedicationDispense Performer Function Codes","StructureDefinition/SatuSehatMedicationDispense","THO"
http://hl7.org/fhir/ValueSet/medicationdispense-status,4.0.1,draft,"2.16.840.1.113883.4.642.3.1312",MedicationDispense Status Codes,Medication dispense  status  codes,"MedicationDispense Status Codes","StructureDefinition/SatuSehatMedicationDispense","THO"
http://hl7.org/fhir/ValueSet/medicationdispense-status-reason,4.0.1,draft,"2.16.840.1.113883.4.642.3.1316",MedicationDispense Status Reason Codes,Medication dispense  status  reason  codes,"MedicationDispense Status Codes","StructureDefinition/SatuSehatMedicationDispense","THO"
http://hl7.org/fhir/ValueSet/medicationrequest-category,4.0.1,draft,"2.16.840.1.113883.4.642.3.1322",medicationRequest Category Codes,Medication request  category  codes,"MedicationRequest Category Codes","StructureDefinition/SatuSehatMedicationRequest","THO"
http://hl7.org/fhir/ValueSet/medicationrequest-course-of-therapy,4.0.1,draft,"2.16.840.1.113883.4.642.3.1326",medicationRequest Course of Therapy Codes,Medication request  course of  therapy  codes,"MedicationRequest Course of Therapy Codes","StructureDefinition/SatuSehatMedicationRequest","THO"
http://hl7.org/fhir/ValueSet/medicationrequest-intent,4.0.1,draft,"2.16.840.1.113883.4.642.3.1321",medicationRequest Intent,Medication request  intent,"MedicationRequest Intent Codes","StructureDefinition/SatuSehatMedicationRequest","hl7.fhir.r4.core"
http://hl7.org/fhir/ValueSet/medicationrequest-status,4.0.1,draft,"2.16.840.1.113883.4.642.3.1320",medicationrequest Status,Medicationrequest  status,"MedicationRequest Status Codes","StructureDefinition/SatuSehatMedicationRequest","hl7.fhir.r4.core"
http://hl7.org/fhir/ValueSet/medicationrequest-status-reason,4.0.1,draft,"2.16.840.1.113883.4.642.3.1324",medicationRequest Status Reason Codes,Medication request  status  reason  codes,"MedicationRequest Status Reason Codes","StructureDefinition/SatuSehatMedicationRequest","THO"
http://hl7.org/fhir/ValueSet/missing-tooth-reason,4.0.1,draft,"2.16.840.1.113883.4.642.3.534",MissingToothReasonCodes,Missing Tooth Reason Codes,"This value set includes sample Missing Tooth Reason codes.","StructureDefinition/SatuSehatClaim","THO"
http://hl7.org/fhir/ValueSet/modified-foodtype,4.0.1,draft,"2.16.840.1.113883.4.642.3.388",TextureModifiedFoodTypeCodes,Texture Modified Food Type Codes,"TextureModifiedFoodType: Codes for types of foods that are texture-modified. This value set is composed SNOMED CT Concepts from SCTID 255620007 Foods (substance) and is provided as a suggestive example.","StructureDefinition/SatuSehatNutritionOrder","Internal"
http://hl7.org/fhir/ValueSet/name-use,4.0.1,active,"2.16.840.1.113883.4.642.3.65",NameUse,NameUse,"The use of a human name.","StructureDefinition/SatuSehatPractitioner,StructureDefinition/SatuSehatPatient","hl7.fhir.r4.core"
http://hl7.org/fhir/ValueSet/narrative-status,4.0.1,draft,"2.16.840.1.113883.4.642.3.55",NarrativeStatus,NarrativeStatus,"The status of a resource narrative.","StructureDefinition/SatuSehatComposition","hl7.fhir.r4.core"
http://hl7.org/fhir/ValueSet/note-type,4.0.1,draft,"2.16.840.1.113883.4.642.3.15",NoteType,NoteType,"The presentation types of notes.","StructureDefinition/SatuSehatClaimResponse,StructureDefinition/SatuSehatPaymentReconciliation","hl7.fhir.r4.core"
http://hl7.org/fhir/ValueSet/nutrient-code,4.0.1,draft,"2.16.840.1.113883.4.642.3.386",NutrientModifierCodes,Nutrient Modifier Codes,"NutrientModifier :  Codes for types of nutrients that are being modified such as carbohydrate or sodium.  This value set includes codes from [SNOMED CT](http://snomed.info/sct) where concept is-a 226355009 (Nutrients(substance)), and the concepts for Sodium, Potassium and Fluid. This is provided as a suggestive example.","StructureDefinition/SatuSehatNutritionOrder","Internal"
http://hl7.org/fhir/ValueSet/observation-category,4.0.1,draft,"2.16.840.1.113883.4.642.3.403",ObservationCategoryCodes,Observation Category Codes,"Observation Category codes.","StructureDefinition/variant,StructureDefinition/amrphenotype,StructureDefinition/dna-variant,StructureDefinition/protein-variant,StructureDefinition/genomic-base,StructureDefinition/tb-phenotype-observation,StructureDefinition/SatuSehatObservation,StructureDefinition/gene-variant,StructureDefinition/tb-lineage-observation","THO"
http://hl7.org/fhir/ValueSet/observation-codes,4.0.1,draft,"2.16.840.1.113883.4.642.3.396",LOINCCodes,LOINC Codes,"This value set includes all LOINC codes","StructureDefinition/variant,StructureDefinition/dna-variant,StructureDefinition/protein-variant,StructureDefinition/genomic-base,StructureDefinition/tb-phenotype-observation,StructureDefinition/SatuSehatObservation,StructureDefinition/SatuSehatGoal,StructureDefinition/gene-variant,StructureDefinition/tb-lineage-observation","Internal"
http://hl7.org/fhir/ValueSet/observation-interpretation,4.0.1,active,"2.16.840.1.113883.4.642.3.399",ObservationInterpretationCodes,Observation Interpretation Codes,"A categorical assessment, providing a rough qualitative interpretation of the observation value,    such as normal/ abnormal,low / high, better / worse, susceptible / resistant, expected/ not expected.    The value set is intended to be for ANY use where coded representation of an interpretation is needed.             Notes:          This is being communicated in v2.x in OBX-8 (Observation Interpretation), in v3 in ObservationInterpretation (CWE) in R1 (Representative Realm) and in FHIR in    Observation.interpretation. Historically these values come from the laboratory domain, and these codes are extensively    used. The value set binding is extensible, so codes outside the value set that are needed for interpretation concepts    (i.e. particular meanings) that are not included in the value set can be used, and these new codes may also be added to    the value set and published in a future version.","StructureDefinition/variant,StructureDefinition/amrphenotype,StructureDefinition/dna-variant,StructureDefinition/protein-variant,StructureDefinition/genomic-base,StructureDefinition/tb-phenotype-observation,StructureDefinition/SatuSehatObservation,StructureDefinition/gene-variant,StructureDefinition/tb-lineage-observation","THO (V3)"
http://hl7.org/fhir/ValueSet/observation-methods,4.0.1,draft,"2.16.840.1.113883.4.642.3.395",ObservationMethods,Observation Methods,"Observation Method codes from [SNOMED CT](http://snomed.info/sct) where concept is-a 272394005 (Technique (qualifier value)) or is-a 129264002 (Action (qualifier value)) or is-a 386053000 (Evaluation procedure(procedure))","StructureDefinition/variant,StructureDefinition/amrphenotype,StructureDefinition/dna-variant,StructureDefinition/protein-variant,StructureDefinition/genomic-base,StructureDefinition/tb-phenotype-observation,StructureDefinition/SatuSehatObservation,StructureDefinition/gene-variant,StructureDefinition/tb-lineage-observation","Internal"
http://hl7.org/fhir/ValueSet/observation-status,4.0.1,active,"2.16.840.1.113883.4.642.3.400",ObservationStatus,ObservationStatus,"Codes providing the status of an observation.","StructureDefinition/variant,StructureDefinition/amrphenotype,StructureDefinition/dna-variant,StructureDefinition/protein-variant,StructureDefinition/genomic-base,StructureDefinition/tb-phenotype-observation,StructureDefinition/SatuSehatObservation,StructureDefinition/gene-variant,StructureDefinition/SatuSehatRiskAssessment,StructureDefinition/tb-lineage-observation","hl7.fhir.r4.core"
http://hl7.org/fhir/ValueSet/operation-outcome,4.0.1,draft,"2.16.840.1.113883.4.642.3.412",OperationOutcomeCodes,Operation Outcome Codes,"Operation Outcome codes used by FHIR test servers (see Implementation file translations.xml)","StructureDefinition/SatuSehatOperationOutcome","THO"
http://hl7.org/fhir/ValueSet/organization-type,4.0.1,draft,"2.16.840.1.113883.4.642.3.414",OrganizationType,Organization type,"This example value set defines a set of codes that can be used to indicate a type of organization.","StructureDefinition/SatuSehatOrganization","THO"
http://hl7.org/fhir/ValueSet/participant-role,4.0.1,draft,"2.16.840.1.113883.4.642.3.152",ParticipantRoles,Participant Roles,"Roles of participants that may be included in a care team.  Defined as: Is a Person, Healthcare professional (occupation) or Healthcare related organization (qualifier value).","StructureDefinition/SatuSehatServiceRequest,StructureDefinition/genomics-service-request","Internal"
http://hl7.org/fhir/ValueSet/patient-contactrelationship,4.0.1,active,"2.16.840.1.113883.4.642.3.1130",PatientContactRelationship,Patient Contact Relationship ,"The nature of the relationship between the patient and the contact person.","StructureDefinition/SatuSehatPatient","THO (V2)"
http://hl7.org/fhir/ValueSet/payeetype,4.0.1,draft,"2.16.840.1.113883.4.642.3.31",Claim Payee Type Codes,PayeeType,"This value set includes sample Payee Type codes.","StructureDefinition/SatuSehatClaimResponse,StructureDefinition/SatuSehatClaim","THO"
http://hl7.org/fhir/ValueSet/payment-adjustment-reason,4.0.1,draft,"2.16.840.1.113883.4.642.3.600",PaymentAdjustmentReasonCodes,Payment Adjustment Reason Codes,"This value set includes smattering of Payment Adjustment Reason codes.","StructureDefinition/SatuSehatClaimResponse","THO"
http://hl7.org/fhir/ValueSet/payment-status,4.0.1,draft,"2.16.840.1.113883.4.642.3.643",PaymentStatusCodes,Payment Status Codes,"This value set includes a sample set of Payment Status codes.","StructureDefinition/SatuSehatPaymentNotice","THO"
http://hl7.org/fhir/ValueSet/payment-type,4.0.1,draft,"2.16.840.1.113883.4.642.3.641",PaymentTypeCodes,Payment Type Codes,"This value set includes sample Payment Type codes.","StructureDefinition/SatuSehatPaymentReconciliation","THO"
http://hl7.org/fhir/ValueSet/performer-role,4.0.1,draft,"2.16.840.1.113883.4.642.3.433",ProcedurePerformerRoleCodes,Procedure Performer Role Codes,"This example value set defines the set of codes that can be used to indicate a role of a procedure performer.","StructureDefinition/SatuSehatProcedure,StructureDefinition/SatuSehatTask,StructureDefinition/SatuSehatChargeItem,StructureDefinition/SatuSehatMedicationRequest","Internal"
http://hl7.org/fhir/ValueSet/practitioner-role,4.0.1,draft,"2.16.840.1.113883.4.642.3.439",PractitionerRole,Practitioner role,"This example value set defines a set of codes that can be used to indicate the role of a Practitioner.","StructureDefinition/SatuSehatPractitionerRole","Internal,THO"
http://hl7.org/fhir/ValueSet/procedure-category,4.0.1,draft,"2.16.840.1.113883.4.642.3.430",ProcedureCategoryCodes(SNOMEDCT),Procedure Category Codes (SNOMED CT),"Procedure Category code: A selection of relevant SNOMED CT codes.","StructureDefinition/SatuSehatProcedure","Internal"
http://hl7.org/fhir/ValueSet/procedure-code,4.0.1,draft,"2.16.840.1.113883.4.642.3.427",ProcedureCodes(SNOMEDCT),Procedure Codes (SNOMED CT),"Procedure Code: All SNOMED CT procedure codes.","StructureDefinition/SatuSehatProcedure,StructureDefinition/SatuSehatServiceRequest,StructureDefinition/SatuSehatCarePlan,StructureDefinition/genomics-service-request","Internal"
http://hl7.org/fhir/ValueSet/procedure-followup,4.0.1,draft,"2.16.840.1.113883.4.642.3.429",ProcedureFollowUpCodes(SNOMEDCT),Procedure Follow up Codes (SNOMED CT),"Procedure follow up codes: A selection of SNOMED CT codes relevant to procedure follow up.","StructureDefinition/SatuSehatProcedure","Internal"
http://hl7.org/fhir/ValueSet/procedure-not-performed-reason,4.0.1,active,"2.16.840.1.113883.4.642.3.431",ProcedureNotPerformedReason(SNOMED-CT),Procedure Not Performed Reason (SNOMED-CT),"Situation codes describing the reason that a procedure, which might otherwise be expected, was not performed, or a procedure that was started and was not completed. Consists of SNOMED CT codes, children of procedure contraindicated (183932001), procedure discontinued (416406003), procedure not done (416237000), procedure not indicated (428119001), procedure not offered (416064006), procedure not wanted (416432009), procedure refused (183944003), and procedure stopped (394908001).","StructureDefinition/SatuSehatProcedure","Internal"
http://hl7.org/fhir/ValueSet/procedure-outcome,4.0.1,draft,"2.16.840.1.113883.4.642.3.428",ProcedureOutcomeCodes(SNOMEDCT),Procedure Outcome Codes (SNOMED CT),"Procedure Outcome code: A selection of relevant SNOMED CT codes.","StructureDefinition/SatuSehatProcedure","Internal"
http://hl7.org/fhir/ValueSet/procedure-reason,4.0.1,draft,"2.16.840.1.113883.4.642.3.432",ProcedureReasonCodes,Procedure Reason Codes,"This example value set defines the set of codes that can be used to indicate a reason for a procedure.","StructureDefinition/SatuSehatProcedure,StructureDefinition/SatuSehatServiceRequest,StructureDefinition/SatuSehatImagingStudy,StructureDefinition/genomics-service-request","Internal"
http://hl7.org/fhir/ValueSet/process-priority,4.0.1,draft,"2.16.840.1.113883.4.642.3.552",ProcessPriorityCodes,Process Priority Codes,"This value set includes the financial processing priority codes.","StructureDefinition/SatuSehatCoverageEligibilityRequest,StructureDefinition/SatuSehatClaim","THO"
http://hl7.org/fhir/ValueSet/program,4.0.1,draft,"2.16.840.1.113883.4.642.3.1383",Program,Program,"This value set defines an example set of codes that could be can be used to classify groupings of service-types/specialties.","StructureDefinition/SatuSehatHealthcareService","THO"
http://hl7.org/fhir/ValueSet/provider-qualification,4.0.1,draft,"2.16.840.1.113883.4.642.3.570",ExampleProviderQualificationCodes,Example Provider Qualification Codes,"This value set includes sample Provider Qualification codes.","StructureDefinition/SatuSehatClaim","THO"
http://hl7.org/fhir/ValueSet/publication-status,4.0.1,active,"2.16.840.1.113883.4.642.3.3",PublicationStatus,PublicationStatus,"The lifecycle status of an artifact.","StructureDefinition/SatuSehatChargeItemDefinition,StructureDefinition/SatuSehatQuestionnaire","hl7.fhir.r4.core"
http://hl7.org/fhir/ValueSet/questionnaire-answers,4.0.1,draft,"2.16.840.1.113883.4.642.3.446",QuestionnaireAnswerCodes,Questionnaire Answer Codes,"Example list of codes for answers to questions. (Not complete or necessarily appropriate.)","StructureDefinition/SatuSehatQuestionnaireResponse,StructureDefinition/SatuSehatQuestionnaire","Internal"
http://hl7.org/fhir/ValueSet/questionnaire-answers-status,4.0.1,draft,"required",QuestionnaireResponseStatus,QuestionnaireResponseStatus,"Lifecycle status of the questionnaire response.","StructureDefinition/SatuSehatQuestionnaireResponse","hl7.fhir.r4.core"
http://hl7.org/fhir/ValueSet/questionnaire-enable-behavior,4.0.1,draft,"2.16.840.1.113883.4.642.3.1007",EnableWhenBehavior,EnableWhenBehavior,"Controls how multiple enableWhen values are interpreted -  whether all or any must be true.","StructureDefinition/SatuSehatQuestionnaire","hl7.fhir.r4.core"
http://hl7.org/fhir/ValueSet/questionnaire-enable-operator,4.0.1,draft,"2.16.840.1.113883.4.642.3.1005",QuestionnaireItemOperator,QuestionnaireItemOperator,"The criteria by which a question is enabled.","StructureDefinition/SatuSehatQuestionnaire","hl7.fhir.r4.core"
http://hl7.org/fhir/ValueSet/questionnaire-questions,4.0.1,draft,"2.16.840.1.113883.4.642.3.443",QuestionnaireQuestionCodes,Questionnaire Question Codes,"Example list of codes for questions and groups of questions. (Not necessarily complete or appropriate.)","StructureDefinition/SatuSehatQuestionnaire","Internal"
http://hl7.org/fhir/ValueSet/reaction-event-severity,4.0.1,draft,"2.16.840.1.113883.4.642.3.135",AllergyIntoleranceSeverity,AllergyIntoleranceSeverity,"Clinical assessment of the severity of a reaction event as a whole, potentially considering multiple different manifestations.","StructureDefinition/SatuSehatAllergyIntolerance","hl7.fhir.r4.core"
http://hl7.org/fhir/ValueSet/reason-medication-given-codes,4.0.1,draft,"2.16.840.1.113883.4.642.3.344",ReasonMedicationGivenCodes,Reason Medication Given Codes,"This value set is provided as an example. The value set to instantiate this attribute should be drawn from a robust terminology code system that consists of or contains concepts to support the medication process.","StructureDefinition/SatuSehatMedicationAdministration","THO"
http://hl7.org/fhir/ValueSet/reason-medication-not-given-codes,4.0.1,draft,"2.16.840.1.113883.4.642.3.342",SNOMEDCTReasonMedicationNotGivenCodes,SNOMED CT Reason Medication Not Given Codes,"This value set includes all medication refused, medication not administered, and non-administration of necessary drug or medicine codes from SNOMED CT - provided as an exemplar value set.","StructureDefinition/SatuSehatMedicationAdministration","Internal"
http://hl7.org/fhir/ValueSet/reason-medication-status-codes,4.0.1,draft,"2.16.840.1.113883.4.642.3.369",SNOMEDCTDrugTherapyStatusCodes,SNOMED CT Drug Therapy Status codes ,"This value set includes some taken and not taken reason codes from SNOMED CT - provided as an exemplar","StructureDefinition/SatuSehatMedicationStatement","Internal"
http://hl7.org/fhir/ValueSet/referencerange-appliesto,4.0.1,draft,"2.16.840.1.113883.4.642.3.407",ObservationReferenceRangeAppliesToCodes,Observation Reference Range Applies To Codes,"This value set defines a set of codes that can be used to indicate the particular target population the reference range applies to.","StructureDefinition/variant,StructureDefinition/amrphenotype,StructureDefinition/dna-variant,StructureDefinition/protein-variant,StructureDefinition/genomic-base,StructureDefinition/tb-phenotype-observation,StructureDefinition/SatuSehatObservation,StructureDefinition/gene-variant,StructureDefinition/tb-lineage-observation","Internal"
http://hl7.org/fhir/ValueSet/referencerange-meaning,4.0.1,draft,"2.16.840.1.113883.4.642.3.397",ObservationReferenceRangeMeaningCodes,Observation Reference Range Meaning Codes,"This value set defines a set of codes that can be used to indicate the meaning/use of a reference range for a particular target population.","StructureDefinition/variant,StructureDefinition/amrphenotype,StructureDefinition/dna-variant,StructureDefinition/protein-variant,StructureDefinition/genomic-base,StructureDefinition/tb-phenotype-observation,StructureDefinition/SatuSehatObservation,StructureDefinition/gene-variant,StructureDefinition/tb-lineage-observation","THO"
http://hl7.org/fhir/ValueSet/related-claim-relationship,4.0.1,draft,"2.16.840.1.113883.4.642.3.568",ExampleRelatedClaimRelationshipCodes,Example Related Claim Relationship Codes,"This value set includes sample Related Claim Relationship codes.","StructureDefinition/SatuSehatClaim","THO"
http://hl7.org/fhir/ValueSet/relatedperson-relationshiptype,4.0.1,draft,"2.16.840.1.113883.4.642.3.449",PatientRelationshipType,Patient relationship type,"A set of codes that can be used to indicate the relationship between a Patient and a Related Person.","StructureDefinition/SatuSehatRelatedPerson","THO (V3),THO (V2)"
http://hl7.org/fhir/ValueSet/remittance-outcome,4.0.1,draft,"2.16.840.1.113883.4.642.3.13",ClaimProcessingCodes,Claim Processing Codes,"This value set includes Claim Processing Outcome codes.","StructureDefinition/SatuSehatClaimResponse,StructureDefinition/SatuSehatPaymentReconciliation,StructureDefinition/SatuSehatCoverageEligibilityResponse","hl7.fhir.r4.core"
http://hl7.org/fhir/ValueSet/report-codes,4.0.1,draft,"2.16.840.1.113883.4.642.3.233",LOINCDiagnosticReportCodes,LOINC Diagnostic Report Codes,"This value set includes LOINC codes that relate to Diagnostic Observations.","StructureDefinition/genomic-report,StructureDefinition/SatuSehatDiagnosticReport","Internal"
http://hl7.org/fhir/ValueSet/request-intent,4.0.1,draft,"2.16.840.1.113883.4.642.3.113",RequestIntent,RequestIntent,"Codes indicating the degree of authority/intentionality associated with a request.","StructureDefinition/SatuSehatServiceRequest,StructureDefinition/SatuSehatNutritionOrder,StructureDefinition/genomics-service-request","hl7.fhir.r4.core"
http://hl7.org/fhir/ValueSet/request-priority,4.0.1,draft,"2.16.840.1.113883.4.642.3.115",RequestPriority,Request priority,"The clinical priority of a diagnostic order.","StructureDefinition/SatuSehatTask,StructureDefinition/SatuSehatServiceRequest,StructureDefinition/SatuSehatMedicationRequest,StructureDefinition/genomics-service-request","hl7.fhir.r4.core"
http://hl7.org/fhir/ValueSet/request-status,4.0.1,draft,"2.16.840.1.113883.4.642.3.111",RequestStatus,RequestStatus,"Codes identifying the lifecycle stage of a request.","StructureDefinition/SatuSehatServiceRequest,StructureDefinition/SatuSehatNutritionOrder,StructureDefinition/SatuSehatCarePlan,StructureDefinition/genomics-service-request","hl7.fhir.r4.core"
http://hl7.org/fhir/ValueSet/resource-types,4.0.1,active,"2.16.840.1.113883.4.642.3.27",ResourceType,ResourceType,"One of the resource types defined as part of this version of FHIR.","StructureDefinition/SatuSehatClinicalImpression,StructureDefinition/SatuSehatQuestionnaire,StructureDefinition/SatuSehatCondition,StructureDefinition/SatuSehatDiagnosticReport,StructureDefinition/SatuSehatComposition","hl7.fhir.r4.core"
http://hl7.org/fhir/ValueSet/risk-probability,4.0.1,draft,"2.16.840.1.113883.4.642.3.450",RiskProbability,Risk Probability,"Codes representing the likelihood of a particular outcome in a risk assessment.","StructureDefinition/SatuSehatRiskAssessment","THO"
http://hl7.org/fhir/ValueSet/route-codes,4.0.1,draft,"2.16.840.1.113883.4.642.3.98",SNOMEDCTRouteCodes,SNOMED CT Route Codes,"This value set includes all Route codes from SNOMED CT - provided as an exemplar.","StructureDefinition/SatuSehatAllergyIntolerance,StructureDefinition/SatuSehatMedicationAdministration","Internal"
http://hl7.org/fhir/ValueSet/security-labels,4.0.1,active,"2.16.840.1.113883.4.642.3.47",All Security Labels,SecurityLabels,"A single value set for all security labels defined by FHIR.","StructureDefinition/SatuSehatDocumentReference,StructureDefinition/genomic-report,StructureDefinition/dna-variant,StructureDefinition/protein-variant,StructureDefinition/gene-variant",
http://hl7.org/fhir/ValueSet/series-performer-function,4.0.1,draft,"2.16.840.1.113883.4.642.3.989",ImagingStudySeriesPerformerFunction,ImagingStudy series performer function,"Performer function of an agent in an imaging study series","StructureDefinition/SatuSehatImagingStudy","THO (V3)"
http://hl7.org/fhir/ValueSet/service-category,4.0.1,draft,"2.16.840.1.113883.4.642.3.516",ServiceCategory,Service category,"This value set defines an example set of codes that can be used to classify groupings of service-types/specialties.","StructureDefinition/SatuSehatHealthcareService","THO"
http://hl7.org/fhir/ValueSet/service-place,4.0.1,draft,"2.16.840.1.113883.4.642.3.564",ExampleServicePlaceCodes,Example Service Place Codes,"This value set includes a smattering of Service Place codes.","StructureDefinition/SatuSehatClaimResponse,StructureDefinition/SatuSehatClaim","THO"
http://hl7.org/fhir/ValueSet/service-provision-conditions,4.0.1,draft,"2.16.840.1.113883.4.642.3.514",ServiceProvisionConditions,ServiceProvisionConditions,"The code(s) that detail the conditions under which the healthcare service is available/offered.","StructureDefinition/SatuSehatHealthcareService","THO"
http://hl7.org/fhir/ValueSet/service-referral-method,4.0.1,draft,"2.16.840.1.113883.4.642.3.510",ReferralMethod,ReferralMethod,"The methods of referral can be used when referring to a specific HealthCareService resource.","StructureDefinition/SatuSehatHealthcareService","THO"
http://hl7.org/fhir/ValueSet/service-type,4.0.1,draft,"2.16.840.1.113883.4.642.3.518",ServiceType,Service type,"This value set defines an example set of codes of service-types.","StructureDefinition/SatuSehatEncounter,StructureDefinition/SatuSehatHealthcareService","THO"
http://hl7.org/fhir/ValueSet/service-uscls,4.0.1,draft,"2.16.840.1.113883.4.642.3.542",USCLSCodes,USCLS Codes,"This value set includes a smattering of USCLS codes.","StructureDefinition/SatuSehatClaimResponse,StructureDefinition/SatuSehatCoverageEligibilityRequest,StructureDefinition/SatuSehatCoverageEligibilityResponse,StructureDefinition/SatuSehatClaim","THO"
http://hl7.org/fhir/ValueSet/servicerequest-category,4.0.1,draft,"2.16.840.1.113883.4.642.3.434",ServiceRequestCategoryCodes,Service Request Category Codes,"An example value set of SNOMED CT concepts that can classify a requested service","StructureDefinition/SatuSehatServiceRequest,StructureDefinition/genomics-service-request","Internal"
http://hl7.org/fhir/ValueSet/servicerequest-orderdetail,4.0.1,draft,"2.16.840.1.113883.4.642.3.435",ServiceRequestOrderDetailsCodes,Service Request Order Details Codes,"An example value set of Codified order entry details concepts.  These concepts only make sense in the context of what is being ordered.  This example is for a patient ventilation order","StructureDefinition/SatuSehatServiceRequest,StructureDefinition/genomics-service-request","Internal"
http://hl7.org/fhir/ValueSet/specimen-collection-method,4.0.1,draft,"2.16.840.1.113883.4.642.3.468",FHIRSpecimenCollectionMethod,FHIR Specimen Collection Method," This example value set defines a set of codes that can be used to indicate the method by which a specimen was collected.","StructureDefinition/SatuSehatSpecimen","Internal"
http://hl7.org/fhir/ValueSet/specimen-container-type,4.0.1,draft,"2.16.840.1.113883.4.642.3.470",SpecimenContainerType,Specimen Container Type,"Checks on the patient prior specimen collection. All SNOMED CT concepts descendants of 706041008 |Device for body fluid and tissue collection/transfer/processing (physical object)|","StructureDefinition/SatuSehatSpecimen","Internal"
http://hl7.org/fhir/ValueSet/specimen-processing-procedure,4.0.1,draft,"2.16.840.1.113883.4.642.3.469",SpecimenProcessingProcedure,Specimen processing procedure,"The technique that is used to perform the process or preserve the specimen.","StructureDefinition/SatuSehatSpecimen","THO (V2)"
http://hl7.org/fhir/ValueSet/specimen-status,4.0.1,draft,"2.16.840.1.113883.4.642.3.471",SpecimenStatus,SpecimenStatus,"Codes providing the status/availability of a specimen.","StructureDefinition/SatuSehatSpecimen","hl7.fhir.r4.core"
http://hl7.org/fhir/ValueSet/subscriber-relationship,4.0.1,draft,"2.16.840.1.113883.4.642.3.1385",SubscriberRelationshipCodes,SubscriberPolicyholder Relationship Codes,"This value set includes codes for the relationship between the Subscriber and the Beneficiary (insured/covered party/patient).","StructureDefinition/SatuSehatCoverage","THO"
http://hl7.org/fhir/ValueSet/substance-category,4.0.1,draft,"2.16.840.1.113883.4.642.3.476",SubstanceCategoryCodes,Substance Category Codes,"Substance category codes","StructureDefinition/SatuSehatSubstance","THO"
http://hl7.org/fhir/ValueSet/substance-code,4.0.1,draft,"2.16.840.1.113883.4.642.3.473",SubstanceCode,Substance Code,"This value set contains concept codes for specific substances. It includes codes from [SNOMED](http://snomed.info/sct) where concept is-a 105590001 (Substance (substance)) and where concept is-a 373873005 (Pharmaceutical / biologic product (product))","StructureDefinition/SatuSehatSubstance,StructureDefinition/SatuSehatAllergyIntolerance","Internal"
http://hl7.org/fhir/ValueSet/substance-status,4.0.1,draft,"2.16.840.1.113883.4.642.3.474",FHIRSubstanceStatus,FHIRSubstanceStatus,"A code to indicate if the substance is actively used.","StructureDefinition/SatuSehatSubstance","hl7.fhir.r4.core"
http://hl7.org/fhir/ValueSet/supplement-type,4.0.1,draft,"2.16.840.1.113883.4.642.3.390",SupplementTypeCodes,Supplement Type Codes,"SupplementType :  Codes for nutritional supplements to be provided to the patient. This value set is composed of SNOMED CT (US Extension) Concepts from SCTID 470581016 (Enteral+supplement feeds hierarchy (product)) and is provided as a suggestive example.","StructureDefinition/SatuSehatNutritionOrder","Internal"
http://hl7.org/fhir/ValueSet/surface,4.0.1,draft,"2.16.840.1.113883.4.642.3.546",SurfaceCodes,Surface Codes,"This value set includes a smattering of FDI tooth surface codes.","StructureDefinition/SatuSehatClaimResponse,StructureDefinition/SatuSehatClaim","THO"
http://hl7.org/fhir/ValueSet/task-code,4.0.1,active,"2.16.840.1.113883.4.642.3.1396",TaskCode,Task Codes,"Codes indicating the type of action that is expected to be performed","StructureDefinition/SatuSehatTask","hl7.fhir.r4.core"
http://hl7.org/fhir/ValueSet/task-intent,4.0.1,draft,"2.16.840.1.113883.4.642.3.1240",TaskIntent,TaskIntent,"Distinguishes whether the task is a proposal, plan or full order.","StructureDefinition/SatuSehatTask","hl7.fhir.r4.core"
http://hl7.org/fhir/ValueSet/task-status,4.0.1,draft,"2.16.840.1.113883.4.642.3.790",TaskStatus,TaskStatus,"The current status of the task.","StructureDefinition/SatuSehatTask","hl7.fhir.r4.core"
http://hl7.org/fhir/ValueSet/texture-code,4.0.1,draft,"2.16.840.1.113883.4.642.3.387",TextureModifierCodes,Texture Modifier Codes,"TextureModifier: Codes for food consistency types or texture modifications to apply to foods. This value set is composed of SNOMED CT (US Extension and Core) Concepts from SCTID 229961002 Food consistency types (substance) hierarchy and is provided as a suggestive example.","StructureDefinition/SatuSehatNutritionOrder","Internal"
http://hl7.org/fhir/ValueSet/tooth,4.0.1,draft,"2.16.840.1.113883.4.642.3.540",OralSiteCodes,Oral Site Codes,"This value set includes a smattering of FDI oral site codes.","StructureDefinition/SatuSehatClaimResponse,StructureDefinition/SatuSehatClaim","THO"
http://hl7.org/fhir/ValueSet/vaccine-code,4.0.1,active,"2.16.840.1.113883.3.88.12.80.22",VaccineAdministeredValueSet,Vaccine Administered Value Set,"This identifies the vaccine substance administered - CVX codes.","StructureDefinition/SatuSehatImmunization","FHIR,Other"
http://terminology.hl7.org/ValueSet/v2-0092,2.0.0,active,"2.16.840.1.113883.21.40",Hl7VSReAdmissionIndicator,hl7VS-re-admissionIndicator,"Value Set of codes which are used to specify that a patient is being re-admitted to a healthcare facility from which they were discharged, and indicates the circumstances around such re-admission.","StructureDefinition/SatuSehatEncounter","THO (V2)"
http://terminology.hl7.org/ValueSet/v2-0116,2.0.0,active,"2.16.840.1.113883.21.51",Hl7VSBedStatus,hl7VS-bedStatus,"Value Set of codes that specify the state of a bed in an inpatient setting, and is used to determine if a patient may be assigned to it or not.","StructureDefinition/SatuSehatLocation","THO (V2)"
http://terminology.hl7.org/ValueSet/v2-0371,2.0.0,active,"2.16.840.1.113883.21.245",Hl7VSAdditivePreservative,hl7VS-additivePreservative,"Concepts specifying any additive introduced to the specimen before or at the time of collection.  These additives may be introduced in order to preserve, maintain or enhance the particular nature or component of the specimen.  Used in Version 2 messaging in the SPM segment.","StructureDefinition/SatuSehatSpecimen","THO (V2)"
http://terminology.hl7.org/ValueSet/v2-0487,2.0.0,active,"2.16.840.1.113883.21.327",Hl7VSSpecimenType,hl7VS-specimenType,"Concepts that describe the precise nature of an entity that may be used as the source material for an observation.  This is one of two code systems that are used instead of table 0070 (code system xxxx) which conflated specimen types and specimen collection methods.   Used in Version 2 messaging in the SPM segment.","StructureDefinition/SatuSehatSpecimen","THO (V2)"
http://terminology.hl7.org/ValueSet/v2-0493,2.0.0,active,"2.16.840.1.113883.21.333",Hl7VSSpecimenCondition,hl7VS-specimenCondition,"Concepts of modes or states of being that describe the nature of a specimen.  Used in Version 2 messaging in the SPM segment.","StructureDefinition/SatuSehatSpecimen","THO (V2)"
http://terminology.hl7.org/ValueSet/v2-0916,2.0.0,active,"2.16.840.1.113883.21.440",Hl7VSRelevantClincialInformation,hl7VS-relevantClincialInformation,"Value Set of codes that specify additional clinical information about the patient or specimen to report the supporting and/or suspected diagnosis and clinical findings on requests for interpreted diagnostic studies.","StructureDefinition/SatuSehatSpecimen","THO (V2)"
http://terminology.hl7.org/ValueSet/v2-2.7-0360,0360,active,,v2.0360.2.7,v2 table 0360, Version 2.7,"FHIR Value set/code system definition for HL7 v2 table 0360 ver 2.9 ( Degree/License/Certificate)","StructureDefinition/SatuSehatPractitioner","THO (V2)"
http://terminology.hl7.org/ValueSet/v3-ActCode,3.0.0,active,,ActCode,v3 Code System ActCode,"A code specifying the particular kind of Act that the Act-instance represents within its class.  Constraints:  The kind of Act (e.g. physical examination, serum potassium, inpatient encounter, charge financial transaction, etc.) is specified with a code from one of several, typically external, coding systems.  The coding system will depend on the class of Act, such as LOINC for observations, etc. Conceptually, the Act.code must be a specialization of the Act.classCode. This is why the structure of ActClass domain should be reflected in the superstructure of the ActCode domain and then individual codes or externally referenced vocabularies subordinated under these domains that reflect the ActClass structure. Act.classCode and Act.code are not modifiers of each other but the Act.code concept should really imply the Act.classCode concept. For a negative example, it is not appropriate to use an Act.code ""potassium"" together with and Act.classCode for ""laboratory observation"" to somehow mean ""potassium laboratory observation"" and then use the same Act.code for ""potassium"" together with Act.classCode for ""medication"" to mean ""substitution of potassium"". This mutually modifying use of Act.code and Act.classCode is not permitted.","StructureDefinition/SatuSehatDocumentReference,StructureDefinition/SatuSehatComposition","THO (V3)"
http://terminology.hl7.org/ValueSet/v3-ActEncounterCode,3.0.0,active,"2.16.840.1.113883.1.11.13955",ActEncounterCode,ActEncounterCode,"Domain provides codes that qualify the ActEncounterClass (ENC)","StructureDefinition/SatuSehatEncounter","THO (V3)"
http://terminology.hl7.org/ValueSet/v3-ActIncidentCode,3.0.0,active,"2.16.840.1.113883.1.11.16508",ActIncidentCode,ActIncidentCode,"Set of codes indicating the type of incident or accident.","StructureDefinition/SatuSehatClaim","THO (V3)"
http://terminology.hl7.org/ValueSet/v3-ActPharmacySupplyType,3.0.0,active,"2.16.840.1.113883.1.11.16208",ActPharmacySupplyType,ActPharmacySupplyType,"Identifies types of dispensing events","StructureDefinition/SatuSehatMedicationDispense","THO (V3)"
http://terminology.hl7.org/ValueSet/v3-ActPriority,3.0.0,active,"2.16.840.1.113883.1.11.16866",ActPriority,ActPriority,"A code or set of codes (e.g., for routine, emergency,) specifying the urgency under which the Act happened, can happen, is happening, is intended to happen, or is requested/demanded to happen.    *Discussion:* This attribute is used in orders to indicate the ordered priority, and in event documentation it indicates the actual priority used to perform the act. In definition mood it indicates the available priorities.","StructureDefinition/SatuSehatEncounter","THO (V3)"
http://terminology.hl7.org/ValueSet/v3-ActSubstanceAdminSubstitutionCode,3.0.0,active,"2.16.840.1.113883.1.11.16621",ActSubstanceAdminSubstitutionCode,ActSubstanceAdminSubstitutionCode,"***No description***","StructureDefinition/SatuSehatMedicationDispense,StructureDefinition/SatuSehatMedicationRequest","THO (V3)"
http://terminology.hl7.org/ValueSet/v3-ConfidentialityClassification,2014-03-26,active,"2.16.840.1.113883.1.11.10228",v3.ConfidentialityClassification,V3 Value SetConfidentialityClassification," Set of codes used to value Act.Confidentiality and Role.Confidentiality attribute in accordance with the definition for concept domain ""Confidentiality"".","StructureDefinition/SatuSehatComposition","THO (V3)"
http://terminology.hl7.org/ValueSet/v3-FamilyMember,3.0.0,active,"2.16.840.1.113883.1.11.19579",FamilyMember,FamilyMember,"A relationship between two people characterizing their ""familial"" relationship","StructureDefinition/SatuSehatFamilyMemberHistory","THO (V3)"
http://terminology.hl7.org/ValueSet/v3-ReligiousAffiliation,3.0.0,active,"2.16.840.1.113883.1.11.19185",ReligiousAffiliation,ReligiousAffiliation,"Assigment of spiritual faith affiliation","StructureDefinition/Religion","THO (V3)"
http://terminology.hl7.org/ValueSet/v3-ServiceDeliveryLocationRoleType,3.0.0,active,"2.16.840.1.113883.1.11.17660",ServiceDeliveryLocationRoleType,ServiceDeliveryLocationRoleType,"A role of a place that further classifies the setting (e.g., accident site, road side, work site, community location) in which services are delivered.","StructureDefinition/SatuSehatLocation,StructureDefinition/SatuSehatServiceRequest,StructureDefinition/genomics-service-request","THO (V3)"
http://terminology.hl7.org/ValueSet/v3-SubstanceAdminSubstitutionReason,3.0.0,active,"2.16.840.1.113883.1.11.19377",SubstanceAdminSubstitutionReason,SubstanceAdminSubstitutionReason,"***No description***","StructureDefinition/SatuSehatMedicationDispense,StructureDefinition/SatuSehatMedicationRequest","THO (V3)"
https://fhir.gsilab.id//ValueSet/antimicrobial-resistance-vs,0.1.0,draft,,AntimicrobialResistanceVS,Antimicrobial Resistance ValueSet,"Comprehensive value set for antimicrobial resistance testing including drugs, antibiotics, susceptibility results, and resistance patterns","StructureDefinition/genomic-report,StructureDefinition/amrphenotype","Internal"
https://fhir.gsilab.id//ValueSet/hgvs-vs,0.1.0,draft,,HGVSVS,Human Genome Variation Society (HGVS) Nomenclature,"HGVS-nomenclature is used to report and exchange information regarding variants found in DNA, RNA and protein sequences and serves as an international standard. (source: varnomen.hgvs.org)","StructureDefinition/variant,StructureDefinition/dna-variant,StructureDefinition/protein-variant,StructureDefinition/gene-variant","Other"
https://fhir.gsilab.id//ValueSet/tbd-codes-vs,0.1.0,draft,,TBDCodesVS,To Be Determined Value Set,"Value Set for codes yet to be defined in LOINC",,"Internal"
